economy_code,category,authority,dataset,url,access_method,retrieval_status,status_code,content_type,file_signature,byte_size,reference_period,institutional_sector,transaction_code,classification,current_prices,currency,unit,npish_treatment,government_treatment,imputed_rent_treatment,candidate_class,rejection_reason,retrieved_at,sha256
IND,CP04,Ministry of Statistics and Programme Implementation,IND_MOSPI_NAS2024_STATEMENT_5_1,https://www.mospi.gov.in/sites/default/files/reports_and_publication/statistical_publication/National_Accounts/NAS2024/5.1.xlsx,OFFICIAL_WEB_SOURCE_AUDIT,fresh,200,application/vnd.openxmlformats-officedocument.spreadsheetml.sheet,XLSX_ZIP_CONTAINER,77568,2021-22,UNCONFIRMED_STRICT_S14,NOT_CONFIRMED_AS_P31DC,MOSPI_NAS_ITEM,CONFIRMED,INR,crore,NOT_CONFIRMED_EXCLUDED,NOT_CONFIRMED_EXCLUDED,PRESENT_AS_HOUSING_RENT_COMPONENT_BUT_BOUNDARY_NOT_FULLY_CONFIRMED,NO_ADMISSIBLE_SOURCE_FOUND_IN_CURRENT_PROBE,"Statement 5.1 is PFCE by item. The workbook supports exact item aggregation, but the strict households-only S14/P31 boundary and NPISH exclusion are not confirmed in this source file.",SEE_MANIFEST_FOR_RAW_RETRIEVAL_TIME,651c981f4d65697a3c03750ae3a62e21f197d039b4fc68061b334ecdb84eb729
IND,CP06,Ministry of Statistics and Programme Implementation,IND_MOSPI_NAS2024_STATEMENT_5_1,https://www.mospi.gov.in/sites/default/files/reports_and_publication/statistical_publication/National_Accounts/NAS2024/5.1.xlsx,OFFICIAL_WEB_SOURCE_AUDIT,fresh,200,application/vnd.openxmlformats-officedocument.spreadsheetml.sheet,XLSX_ZIP_CONTAINER,77568,2021-22,UNCONFIRMED_STRICT_S14,NOT_CONFIRMED_AS_P31DC,MOSPI_NAS_ITEM,CONFIRMED,INR,crore,NOT_CONFIRMED_EXCLUDED,NOT_CONFIRMED_EXCLUDED,PRESENT_AS_HOUSING_RENT_COMPONENT_BUT_BOUNDARY_NOT_FULLY_CONFIRMED,NO_ADMISSIBLE_SOURCE_FOUND_IN_CURRENT_PROBE,"Statement 5.1 is PFCE by item. The workbook supports exact item aggregation, but the strict households-only S14/P31 boundary and NPISH exclusion are not confirmed in this source file.",SEE_MANIFEST_FOR_RAW_RETRIEVAL_TIME,651c981f4d65697a3c03750ae3a62e21f197d039b4fc68061b334ecdb84eb729
IND,CP09,Ministry of Statistics and Programme Implementation,IND_MOSPI_NAS2024_STATEMENT_5_1,https://www.mospi.gov.in/sites/default/files/reports_and_publication/statistical_publication/National_Accounts/NAS2024/5.1.xlsx,OFFICIAL_WEB_SOURCE_AUDIT,fresh,200,application/vnd.openxmlformats-officedocument.spreadsheetml.sheet,XLSX_ZIP_CONTAINER,77568,2021-22,UNCONFIRMED_STRICT_S14,NOT_CONFIRMED_AS_P31DC,MOSPI_NAS_ITEM,CONFIRMED,INR,crore,NOT_CONFIRMED_EXCLUDED,NOT_CONFIRMED_EXCLUDED,PRESENT_AS_HOUSING_RENT_COMPONENT_BUT_BOUNDARY_NOT_FULLY_CONFIRMED,NO_ADMISSIBLE_SOURCE_FOUND_IN_CURRENT_PROBE,"Statement 5.1 is PFCE by item. The workbook supports exact item aggregation, but the strict households-only S14/P31 boundary and NPISH exclusion are not confirmed in this source file.",SEE_MANIFEST_FOR_RAW_RETRIEVAL_TIME,651c981f4d65697a3c03750ae3a62e21f197d039b4fc68061b334ecdb84eb729
IND,CP10,Ministry of Statistics and Programme Implementation,IND_MOSPI_NAS2024_STATEMENT_5_1,https://www.mospi.gov.in/sites/default/files/reports_and_publication/statistical_publication/National_Accounts/NAS2024/5.1.xlsx,OFFICIAL_WEB_SOURCE_AUDIT,fresh,200,application/vnd.openxmlformats-officedocument.spreadsheetml.sheet,XLSX_ZIP_CONTAINER,77568,2021-22,UNCONFIRMED_STRICT_S14,NOT_CONFIRMED_AS_P31DC,MOSPI_NAS_ITEM,CONFIRMED,INR,crore,NOT_CONFIRMED_EXCLUDED,NOT_CONFIRMED_EXCLUDED,PRESENT_AS_HOUSING_RENT_COMPONENT_BUT_BOUNDARY_NOT_FULLY_CONFIRMED,NO_ADMISSIBLE_SOURCE_FOUND_IN_CURRENT_PROBE,"Statement 5.1 is PFCE by item. The workbook supports exact item aggregation, but the strict households-only S14/P31 boundary and NPISH exclusion are not confirmed in this source file.",SEE_MANIFEST_FOR_RAW_RETRIEVAL_TIME,651c981f4d65697a3c03750ae3a62e21f197d039b4fc68061b334ecdb84eb729
IND,CP12,Ministry of Statistics and Programme Implementation,IND_MOSPI_NAS2024_STATEMENT_5_1,https://www.mospi.gov.in/sites/default/files/reports_and_publication/statistical_publication/National_Accounts/NAS2024/5.1.xlsx,OFFICIAL_WEB_SOURCE_AUDIT,fresh,200,application/vnd.openxmlformats-officedocument.spreadsheetml.sheet,XLSX_ZIP_CONTAINER,77568,2021-22,UNCONFIRMED_STRICT_S14,NOT_CONFIRMED_AS_P31DC,MOSPI_NAS_ITEM,CONFIRMED,INR,crore,NOT_CONFIRMED_EXCLUDED,NOT_CONFIRMED_EXCLUDED,PRESENT_AS_HOUSING_RENT_COMPONENT_BUT_BOUNDARY_NOT_FULLY_CONFIRMED,NO_ADMISSIBLE_SOURCE_FOUND_IN_CURRENT_PROBE,"Statement 5.1 is PFCE by item. The workbook supports exact item aggregation, but the strict households-only S14/P31 boundary and NPISH exclusion are not confirmed in this source file.",SEE_MANIFEST_FOR_RAW_RETRIEVAL_TIME,651c981f4d65697a3c03750ae3a62e21f197d039b4fc68061b334ecdb84eb729
IND,CP04,Ministry of Statistics and Programme Implementation,IND_MOSPI_METHOD_BOUNDARY_SEARCH,https://www.mospi.gov.in/,OFFICIAL_WEB_SOURCE_AUDIT,NO_ADMISSIBLE_SOURCE_FOUND_IN_CURRENT_PROBE,,,,,2021-22,UNCONFIRMED_STRICT_S14,NOT_CONFIRMED_AS_P31DC,METHODOLOGY_SEARCH,UNKNOWN,UNKNOWN,UNKNOWN,NOT_CONFIRMED_EXCLUDED,NOT_CONFIRMED_EXCLUDED,NOT_CONFIRMED,NO_ADMISSIBLE_SOURCE_FOUND_IN_CURRENT_PROBE,"Statement 5.1 is PFCE by item. The workbook supports exact item aggregation, but the strict households-only S14/P31 boundary and NPISH exclusion are not confirmed in this source file.",NOT_RETRIEVED_IN_STEP2I_AUDIT,
IND,CP06,Ministry of Statistics and Programme Implementation,IND_MOSPI_METHOD_BOUNDARY_SEARCH,https://www.mospi.gov.in/,OFFICIAL_WEB_SOURCE_AUDIT,NO_ADMISSIBLE_SOURCE_FOUND_IN_CURRENT_PROBE,,,,,2021-22,UNCONFIRMED_STRICT_S14,NOT_CONFIRMED_AS_P31DC,METHODOLOGY_SEARCH,UNKNOWN,UNKNOWN,UNKNOWN,NOT_CONFIRMED_EXCLUDED,NOT_CONFIRMED_EXCLUDED,NOT_CONFIRMED,NO_ADMISSIBLE_SOURCE_FOUND_IN_CURRENT_PROBE,"Statement 5.1 is PFCE by item. The workbook supports exact item aggregation, but the strict households-only S14/P31 boundary and NPISH exclusion are not confirmed in this source file.",NOT_RETRIEVED_IN_STEP2I_AUDIT,
IND,CP09,Ministry of Statistics and Programme Implementation,IND_MOSPI_METHOD_BOUNDARY_SEARCH,https://www.mospi.gov.in/,OFFICIAL_WEB_SOURCE_AUDIT,NO_ADMISSIBLE_SOURCE_FOUND_IN_CURRENT_PROBE,,,,,2021-22,UNCONFIRMED_STRICT_S14,NOT_CONFIRMED_AS_P31DC,METHODOLOGY_SEARCH,UNKNOWN,UNKNOWN,UNKNOWN,NOT_CONFIRMED_EXCLUDED,NOT_CONFIRMED_EXCLUDED,NOT_CONFIRMED,NO_ADMISSIBLE_SOURCE_FOUND_IN_CURRENT_PROBE,"Statement 5.1 is PFCE by item. The workbook supports exact item aggregation, but the strict households-only S14/P31 boundary and NPISH exclusion are not confirmed in this source file.",NOT_RETRIEVED_IN_STEP2I_AUDIT,
IND,CP10,Ministry of Statistics and Programme Implementation,IND_MOSPI_METHOD_BOUNDARY_SEARCH,https://www.mospi.gov.in/,OFFICIAL_WEB_SOURCE_AUDIT,NO_ADMISSIBLE_SOURCE_FOUND_IN_CURRENT_PROBE,,,,,2021-22,UNCONFIRMED_STRICT_S14,NOT_CONFIRMED_AS_P31DC,METHODOLOGY_SEARCH,UNKNOWN,UNKNOWN,UNKNOWN,NOT_CONFIRMED_EXCLUDED,NOT_CONFIRMED_EXCLUDED,NOT_CONFIRMED,NO_ADMISSIBLE_SOURCE_FOUND_IN_CURRENT_PROBE,"Statement 5.1 is PFCE by item. The workbook supports exact item aggregation, but the strict households-only S14/P31 boundary and NPISH exclusion are not confirmed in this source file.",NOT_RETRIEVED_IN_STEP2I_AUDIT,
IND,CP12,Ministry of Statistics and Programme Implementation,IND_MOSPI_METHOD_BOUNDARY_SEARCH,https://www.mospi.gov.in/,OFFICIAL_WEB_SOURCE_AUDIT,NO_ADMISSIBLE_SOURCE_FOUND_IN_CURRENT_PROBE,,,,,2021-22,UNCONFIRMED_STRICT_S14,NOT_CONFIRMED_AS_P31DC,METHODOLOGY_SEARCH,UNKNOWN,UNKNOWN,UNKNOWN,NOT_CONFIRMED_EXCLUDED,NOT_CONFIRMED_EXCLUDED,NOT_CONFIRMED,NO_ADMISSIBLE_SOURCE_FOUND_IN_CURRENT_PROBE,"Statement 5.1 is PFCE by item. The workbook supports exact item aggregation, but the strict households-only S14/P31 boundary and NPISH exclusion are not confirmed in this source file.",NOT_RETRIEVED_IN_STEP2I_AUDIT,
RUT,CP04,Federal State Statistics Service,RUT_ROSSTAT_OFFICIAL_SOURCE_AUDIT,https://eng.rosstat.gov.ru/storage/mediabank/BRICS_Joint_Statistical_Publication_2025.pdf,OFFICIAL_WEB_SOURCE_AUDIT,NO_ADMISSIBLE_SOURCE_FOUND_IN_CURRENT_PROBE,,,,,2021,NOT_CONFIRMED_AS_STRICT_S14,NOT_CONFIRMED_AS_P31DC,structured source not located,UNKNOWN,UNKNOWN,UNKNOWN,NOT_CONFIRMED_EXCLUDED,NOT_CONFIRMED_EXCLUDED,NOT_CONFIRMED,NO_ADMISSIBLE_SOURCE_FOUND_IN_CURRENT_PROBE,No deterministic official XLS/XLSX/CSV/SDMX/HTML Rosstat table with 2021 strict household COICOP-HH values has passed the gates.,NOT_RETRIEVED_IN_STEP2I_AUDIT,
RUT,CP06,Federal State Statistics Service,RUT_ROSSTAT_OFFICIAL_SOURCE_AUDIT,https://eng.rosstat.gov.ru/storage/mediabank/BRICS_Joint_Statistical_Publication_2025.pdf,OFFICIAL_WEB_SOURCE_AUDIT,NO_ADMISSIBLE_SOURCE_FOUND_IN_CURRENT_PROBE,,,,,2021,NOT_CONFIRMED_AS_STRICT_S14,NOT_CONFIRMED_AS_P31DC,structured source not located,UNKNOWN,UNKNOWN,UNKNOWN,NOT_CONFIRMED_EXCLUDED,NOT_CONFIRMED_EXCLUDED,NOT_CONFIRMED,NO_ADMISSIBLE_SOURCE_FOUND_IN_CURRENT_PROBE,No deterministic official XLS/XLSX/CSV/SDMX/HTML Rosstat table with 2021 strict household COICOP-HH values has passed the gates.,NOT_RETRIEVED_IN_STEP2I_AUDIT,
RUT,CP09,Federal State Statistics Service,RUT_ROSSTAT_OFFICIAL_SOURCE_AUDIT,https://eng.rosstat.gov.ru/storage/mediabank/BRICS_Joint_Statistical_Publication_2025.pdf,OFFICIAL_WEB_SOURCE_AUDIT,NO_ADMISSIBLE_SOURCE_FOUND_IN_CURRENT_PROBE,,,,,2021,NOT_CONFIRMED_AS_STRICT_S14,NOT_CONFIRMED_AS_P31DC,structured source not located,UNKNOWN,UNKNOWN,UNKNOWN,NOT_CONFIRMED_EXCLUDED,NOT_CONFIRMED_EXCLUDED,NOT_CONFIRMED,NO_ADMISSIBLE_SOURCE_FOUND_IN_CURRENT_PROBE,No deterministic official XLS/XLSX/CSV/SDMX/HTML Rosstat table with 2021 strict household COICOP-HH values has passed the gates.,NOT_RETRIEVED_IN_STEP2I_AUDIT,
RUT,CP10,Federal State Statistics Service,RUT_ROSSTAT_OFFICIAL_SOURCE_AUDIT,https://eng.rosstat.gov.ru/storage/mediabank/BRICS_Joint_Statistical_Publication_2025.pdf,OFFICIAL_WEB_SOURCE_AUDIT,NO_ADMISSIBLE_SOURCE_FOUND_IN_CURRENT_PROBE,,,,,2021,NOT_CONFIRMED_AS_STRICT_S14,NOT_CONFIRMED_AS_P31DC,structured source not located,UNKNOWN,UNKNOWN,UNKNOWN,NOT_CONFIRMED_EXCLUDED,NOT_CONFIRMED_EXCLUDED,NOT_CONFIRMED,NO_ADMISSIBLE_SOURCE_FOUND_IN_CURRENT_PROBE,No deterministic official XLS/XLSX/CSV/SDMX/HTML Rosstat table with 2021 strict household COICOP-HH values has passed the gates.,NOT_RETRIEVED_IN_STEP2I_AUDIT,
RUT,CP12,Federal State Statistics Service,RUT_ROSSTAT_OFFICIAL_SOURCE_AUDIT,https://eng.rosstat.gov.ru/storage/mediabank/BRICS_Joint_Statistical_Publication_2025.pdf,OFFICIAL_WEB_SOURCE_AUDIT,NO_ADMISSIBLE_SOURCE_FOUND_IN_CURRENT_PROBE,,,,,2021,NOT_CONFIRMED_AS_STRICT_S14,NOT_CONFIRMED_AS_P31DC,structured source not located,UNKNOWN,UNKNOWN,UNKNOWN,NOT_CONFIRMED_EXCLUDED,NOT_CONFIRMED_EXCLUDED,NOT_CONFIRMED,NO_ADMISSIBLE_SOURCE_FOUND_IN_CURRENT_PROBE,No deterministic official XLS/XLSX/CSV/SDMX/HTML Rosstat table with 2021 strict household COICOP-HH values has passed the gates.,NOT_RETRIEVED_IN_STEP2I_AUDIT,
RUT,CP04,Federal State Statistics Service,ROSSTAT_NATIONAL_ACCOUNTS_SECTION,https://rosstat.gov.ru/statistics/accounts,OFFICIAL_WEB_SOURCE_AUDIT,NO_ADMISSIBLE_SOURCE_FOUND_IN_CURRENT_PROBE,,,,,2021,NOT_CONFIRMED_AS_STRICT_S14,NOT_CONFIRMED_AS_P31DC,SOURCE_FAMILY_SEARCH,UNKNOWN,UNKNOWN,UNKNOWN,NOT_CONFIRMED_EXCLUDED,NOT_CONFIRMED_EXCLUDED,NOT_CONFIRMED,NO_ADMISSIBLE_SOURCE_FOUND_IN_CURRENT_PROBE,National accounts section does not provide an accepted deterministic 2021 S14/P31DC COICOP-HH table in the adapter inputs.,NOT_RETRIEVED_IN_STEP2I_AUDIT,
RUT,CP06,Federal State Statistics Service,ROSSTAT_NATIONAL_ACCOUNTS_SECTION,https://rosstat.gov.ru/statistics/accounts,OFFICIAL_WEB_SOURCE_AUDIT,NO_ADMISSIBLE_SOURCE_FOUND_IN_CURRENT_PROBE,,,,,2021,NOT_CONFIRMED_AS_STRICT_S14,NOT_CONFIRMED_AS_P31DC,SOURCE_FAMILY_SEARCH,UNKNOWN,UNKNOWN,UNKNOWN,NOT_CONFIRMED_EXCLUDED,NOT_CONFIRMED_EXCLUDED,NOT_CONFIRMED,NO_ADMISSIBLE_SOURCE_FOUND_IN_CURRENT_PROBE,National accounts section does not provide an accepted deterministic 2021 S14/P31DC COICOP-HH table in the adapter inputs.,NOT_RETRIEVED_IN_STEP2I_AUDIT,
RUT,CP09,Federal State Statistics Service,ROSSTAT_NATIONAL_ACCOUNTS_SECTION,https://rosstat.gov.ru/statistics/accounts,OFFICIAL_WEB_SOURCE_AUDIT,NO_ADMISSIBLE_SOURCE_FOUND_IN_CURRENT_PROBE,,,,,2021,NOT_CONFIRMED_AS_STRICT_S14,NOT_CONFIRMED_AS_P31DC,SOURCE_FAMILY_SEARCH,UNKNOWN,UNKNOWN,UNKNOWN,NOT_CONFIRMED_EXCLUDED,NOT_CONFIRMED_EXCLUDED,NOT_CONFIRMED,NO_ADMISSIBLE_SOURCE_FOUND_IN_CURRENT_PROBE,National accounts section does not provide an accepted deterministic 2021 S14/P31DC COICOP-HH table in the adapter inputs.,NOT_RETRIEVED_IN_STEP2I_AUDIT,
RUT,CP10,Federal State Statistics Service,ROSSTAT_NATIONAL_ACCOUNTS_SECTION,https://rosstat.gov.ru/statistics/accounts,OFFICIAL_WEB_SOURCE_AUDIT,NO_ADMISSIBLE_SOURCE_FOUND_IN_CURRENT_PROBE,,,,,2021,NOT_CONFIRMED_AS_STRICT_S14,NOT_CONFIRMED_AS_P31DC,SOURCE_FAMILY_SEARCH,UNKNOWN,UNKNOWN,UNKNOWN,NOT_CONFIRMED_EXCLUDED,NOT_CONFIRMED_EXCLUDED,NOT_CONFIRMED,NO_ADMISSIBLE_SOURCE_FOUND_IN_CURRENT_PROBE,National accounts section does not provide an accepted deterministic 2021 S14/P31DC COICOP-HH table in the adapter inputs.,NOT_RETRIEVED_IN_STEP2I_AUDIT,
RUT,CP12,Federal State Statistics Service,ROSSTAT_NATIONAL_ACCOUNTS_SECTION,https://rosstat.gov.ru/statistics/accounts,OFFICIAL_WEB_SOURCE_AUDIT,NO_ADMISSIBLE_SOURCE_FOUND_IN_CURRENT_PROBE,,,,,2021,NOT_CONFIRMED_AS_STRICT_S14,NOT_CONFIRMED_AS_P31DC,SOURCE_FAMILY_SEARCH,UNKNOWN,UNKNOWN,UNKNOWN,NOT_CONFIRMED_EXCLUDED,NOT_CONFIRMED_EXCLUDED,NOT_CONFIRMED,NO_ADMISSIBLE_SOURCE_FOUND_IN_CURRENT_PROBE,National accounts section does not provide an accepted deterministic 2021 S14/P31DC COICOP-HH table in the adapter inputs.,NOT_RETRIEVED_IN_STEP2I_AUDIT,
RUT,CP04,Federal State Statistics Service,FEDSTAT_OFFICIAL_STATISTICAL_DATABASE,https://fedstat.ru/,OFFICIAL_WEB_SOURCE_AUDIT,NO_ADMISSIBLE_SOURCE_FOUND_IN_CURRENT_PROBE,,,,,2021,NOT_CONFIRMED_AS_STRICT_S14,NOT_CONFIRMED_AS_P31DC,SOURCE_FAMILY_SEARCH,UNKNOWN,UNKNOWN,UNKNOWN,NOT_CONFIRMED_EXCLUDED,NOT_CONFIRMED_EXCLUDED,NOT_CONFIRMED,NO_ADMISSIBLE_SOURCE_FOUND_IN_CURRENT_PROBE,No accepted Fedstat indicator with exact 2021 household final consumption by Armilar category has been integrated.,NOT_RETRIEVED_IN_STEP2I_AUDIT,
RUT,CP06,Federal State Statistics Service,FEDSTAT_OFFICIAL_STATISTICAL_DATABASE,https://fedstat.ru/,OFFICIAL_WEB_SOURCE_AUDIT,NO_ADMISSIBLE_SOURCE_FOUND_IN_CURRENT_PROBE,,,,,2021,NOT_CONFIRMED_AS_STRICT_S14,NOT_CONFIRMED_AS_P31DC,SOURCE_FAMILY_SEARCH,UNKNOWN,UNKNOWN,UNKNOWN,NOT_CONFIRMED_EXCLUDED,NOT_CONFIRMED_EXCLUDED,NOT_CONFIRMED,NO_ADMISSIBLE_SOURCE_FOUND_IN_CURRENT_PROBE,No accepted Fedstat indicator with exact 2021 household final consumption by Armilar category has been integrated.,NOT_RETRIEVED_IN_STEP2I_AUDIT,
RUT,CP09,Federal State Statistics Service,FEDSTAT_OFFICIAL_STATISTICAL_DATABASE,https://fedstat.ru/,OFFICIAL_WEB_SOURCE_AUDIT,NO_ADMISSIBLE_SOURCE_FOUND_IN_CURRENT_PROBE,,,,,2021,NOT_CONFIRMED_AS_STRICT_S14,NOT_CONFIRMED_AS_P31DC,SOURCE_FAMILY_SEARCH,UNKNOWN,UNKNOWN,UNKNOWN,NOT_CONFIRMED_EXCLUDED,NOT_CONFIRMED_EXCLUDED,NOT_CONFIRMED,NO_ADMISSIBLE_SOURCE_FOUND_IN_CURRENT_PROBE,No accepted Fedstat indicator with exact 2021 household final consumption by Armilar category has been integrated.,NOT_RETRIEVED_IN_STEP2I_AUDIT,
RUT,CP10,Federal State Statistics Service,FEDSTAT_OFFICIAL_STATISTICAL_DATABASE,https://fedstat.ru/,OFFICIAL_WEB_SOURCE_AUDIT,NO_ADMISSIBLE_SOURCE_FOUND_IN_CURRENT_PROBE,,,,,2021,NOT_CONFIRMED_AS_STRICT_S14,NOT_CONFIRMED_AS_P31DC,SOURCE_FAMILY_SEARCH,UNKNOWN,UNKNOWN,UNKNOWN,NOT_CONFIRMED_EXCLUDED,NOT_CONFIRMED_EXCLUDED,NOT_CONFIRMED,NO_ADMISSIBLE_SOURCE_FOUND_IN_CURRENT_PROBE,No accepted Fedstat indicator with exact 2021 household final consumption by Armilar category has been integrated.,NOT_RETRIEVED_IN_STEP2I_AUDIT,
RUT,CP12,Federal State Statistics Service,FEDSTAT_OFFICIAL_STATISTICAL_DATABASE,https://fedstat.ru/,OFFICIAL_WEB_SOURCE_AUDIT,NO_ADMISSIBLE_SOURCE_FOUND_IN_CURRENT_PROBE,,,,,2021,NOT_CONFIRMED_AS_STRICT_S14,NOT_CONFIRMED_AS_P31DC,SOURCE_FAMILY_SEARCH,UNKNOWN,UNKNOWN,UNKNOWN,NOT_CONFIRMED_EXCLUDED,NOT_CONFIRMED_EXCLUDED,NOT_CONFIRMED,NO_ADMISSIBLE_SOURCE_FOUND_IN_CURRENT_PROBE,No accepted Fedstat indicator with exact 2021 household final consumption by Armilar category has been integrated.,NOT_RETRIEVED_IN_STEP2I_AUDIT,
CHN,CP04,National Bureau of Statistics of China,CHN_NBS_OFFICIAL_SOURCE_AUDIT,https://www.stats.gov.cn/english/PressRelease/202201/t20220118_1826649.html,OFFICIAL_WEB_SOURCE_AUDIT,NO_ADMISSIBLE_SOURCE_FOUND_IN_CURRENT_PROBE,,,,,2021,NOT_CONFIRMED_AS_STRICT_S14,NOT_CONFIRMED_AS_P31DC,8 groups,UNKNOWN,UNKNOWN,UNKNOWN,NOT_CONFIRMED_EXCLUDED,NOT_CONFIRMED_EXCLUDED,NOT_CONFIRMED,NO_ADMISSIBLE_SOURCE_FOUND_IN_CURRENT_PROBE,"Official NBS table is a household survey with eight combined groups, not national-accounts S14/P31 with twelve Armilar categories.",NOT_RETRIEVED_IN_STEP2I_AUDIT,
CHN,CP06,National Bureau of Statistics of China,CHN_NBS_OFFICIAL_SOURCE_AUDIT,https://www.stats.gov.cn/english/PressRelease/202201/t20220118_1826649.html,OFFICIAL_WEB_SOURCE_AUDIT,NO_ADMISSIBLE_SOURCE_FOUND_IN_CURRENT_PROBE,,,,,2021,NOT_CONFIRMED_AS_STRICT_S14,NOT_CONFIRMED_AS_P31DC,8 groups,UNKNOWN,UNKNOWN,UNKNOWN,NOT_CONFIRMED_EXCLUDED,NOT_CONFIRMED_EXCLUDED,NOT_CONFIRMED,NO_ADMISSIBLE_SOURCE_FOUND_IN_CURRENT_PROBE,"Official NBS table is a household survey with eight combined groups, not national-accounts S14/P31 with twelve Armilar categories.",NOT_RETRIEVED_IN_STEP2I_AUDIT,
CHN,CP09,National Bureau of Statistics of China,CHN_NBS_OFFICIAL_SOURCE_AUDIT,https://www.stats.gov.cn/english/PressRelease/202201/t20220118_1826649.html,OFFICIAL_WEB_SOURCE_AUDIT,NO_ADMISSIBLE_SOURCE_FOUND_IN_CURRENT_PROBE,,,,,2021,NOT_CONFIRMED_AS_STRICT_S14,NOT_CONFIRMED_AS_P31DC,8 groups,UNKNOWN,UNKNOWN,UNKNOWN,NOT_CONFIRMED_EXCLUDED,NOT_CONFIRMED_EXCLUDED,NOT_CONFIRMED,NO_ADMISSIBLE_SOURCE_FOUND_IN_CURRENT_PROBE,"Official NBS table is a household survey with eight combined groups, not national-accounts S14/P31 with twelve Armilar categories.",NOT_RETRIEVED_IN_STEP2I_AUDIT,
CHN,CP10,National Bureau of Statistics of China,CHN_NBS_OFFICIAL_SOURCE_AUDIT,https://www.stats.gov.cn/english/PressRelease/202201/t20220118_1826649.html,OFFICIAL_WEB_SOURCE_AUDIT,NO_ADMISSIBLE_SOURCE_FOUND_IN_CURRENT_PROBE,,,,,2021,NOT_CONFIRMED_AS_STRICT_S14,NOT_CONFIRMED_AS_P31DC,8 groups,UNKNOWN,UNKNOWN,UNKNOWN,NOT_CONFIRMED_EXCLUDED,NOT_CONFIRMED_EXCLUDED,NOT_CONFIRMED,NO_ADMISSIBLE_SOURCE_FOUND_IN_CURRENT_PROBE,"Official NBS table is a household survey with eight combined groups, not national-accounts S14/P31 with twelve Armilar categories.",NOT_RETRIEVED_IN_STEP2I_AUDIT,
CHN,CP12,National Bureau of Statistics of China,CHN_NBS_OFFICIAL_SOURCE_AUDIT,https://www.stats.gov.cn/english/PressRelease/202201/t20220118_1826649.html,OFFICIAL_WEB_SOURCE_AUDIT,NO_ADMISSIBLE_SOURCE_FOUND_IN_CURRENT_PROBE,,,,,2021,NOT_CONFIRMED_AS_STRICT_S14,NOT_CONFIRMED_AS_P31DC,8 groups,UNKNOWN,UNKNOWN,UNKNOWN,NOT_CONFIRMED_EXCLUDED,NOT_CONFIRMED_EXCLUDED,NOT_CONFIRMED,NO_ADMISSIBLE_SOURCE_FOUND_IN_CURRENT_PROBE,"Official NBS table is a household survey with eight combined groups, not national-accounts S14/P31 with twelve Armilar categories.",NOT_RETRIEVED_IN_STEP2I_AUDIT,
CHN,CP04,National Bureau of Statistics of China,NBS_DATA_PORTAL,https://data.stats.gov.cn/english/easyquery.htm?cn=C01,OFFICIAL_WEB_SOURCE_AUDIT,NO_ADMISSIBLE_SOURCE_FOUND_IN_CURRENT_PROBE,,,,,2021,NOT_CONFIRMED_AS_STRICT_S14,NOT_CONFIRMED_AS_P31DC,SOURCE_FAMILY_SEARCH,UNKNOWN,UNKNOWN,UNKNOWN,NOT_CONFIRMED_EXCLUDED,NOT_CONFIRMED_EXCLUDED,NOT_CONFIRMED,NO_ADMISSIBLE_SOURCE_FOUND_IN_CURRENT_PROBE,No exact S14/P31DC twelve-category household-purpose table was identified in adapter inputs.,NOT_RETRIEVED_IN_STEP2I_AUDIT,
CHN,CP06,National Bureau of Statistics of China,NBS_DATA_PORTAL,https://data.stats.gov.cn/english/easyquery.htm?cn=C01,OFFICIAL_WEB_SOURCE_AUDIT,NO_ADMISSIBLE_SOURCE_FOUND_IN_CURRENT_PROBE,,,,,2021,NOT_CONFIRMED_AS_STRICT_S14,NOT_CONFIRMED_AS_P31DC,SOURCE_FAMILY_SEARCH,UNKNOWN,UNKNOWN,UNKNOWN,NOT_CONFIRMED_EXCLUDED,NOT_CONFIRMED_EXCLUDED,NOT_CONFIRMED,NO_ADMISSIBLE_SOURCE_FOUND_IN_CURRENT_PROBE,No exact S14/P31DC twelve-category household-purpose table was identified in adapter inputs.,NOT_RETRIEVED_IN_STEP2I_AUDIT,
CHN,CP09,National Bureau of Statistics of China,NBS_DATA_PORTAL,https://data.stats.gov.cn/english/easyquery.htm?cn=C01,OFFICIAL_WEB_SOURCE_AUDIT,NO_ADMISSIBLE_SOURCE_FOUND_IN_CURRENT_PROBE,,,,,2021,NOT_CONFIRMED_AS_STRICT_S14,NOT_CONFIRMED_AS_P31DC,SOURCE_FAMILY_SEARCH,UNKNOWN,UNKNOWN,UNKNOWN,NOT_CONFIRMED_EXCLUDED,NOT_CONFIRMED_EXCLUDED,NOT_CONFIRMED,NO_ADMISSIBLE_SOURCE_FOUND_IN_CURRENT_PROBE,No exact S14/P31DC twelve-category household-purpose table was identified in adapter inputs.,NOT_RETRIEVED_IN_STEP2I_AUDIT,
CHN,CP10,National Bureau of Statistics of China,NBS_DATA_PORTAL,https://data.stats.gov.cn/english/easyquery.htm?cn=C01,OFFICIAL_WEB_SOURCE_AUDIT,NO_ADMISSIBLE_SOURCE_FOUND_IN_CURRENT_PROBE,,,,,2021,NOT_CONFIRMED_AS_STRICT_S14,NOT_CONFIRMED_AS_P31DC,SOURCE_FAMILY_SEARCH,UNKNOWN,UNKNOWN,UNKNOWN,NOT_CONFIRMED_EXCLUDED,NOT_CONFIRMED_EXCLUDED,NOT_CONFIRMED,NO_ADMISSIBLE_SOURCE_FOUND_IN_CURRENT_PROBE,No exact S14/P31DC twelve-category household-purpose table was identified in adapter inputs.,NOT_RETRIEVED_IN_STEP2I_AUDIT,
CHN,CP12,National Bureau of Statistics of China,NBS_DATA_PORTAL,https://data.stats.gov.cn/english/easyquery.htm?cn=C01,OFFICIAL_WEB_SOURCE_AUDIT,NO_ADMISSIBLE_SOURCE_FOUND_IN_CURRENT_PROBE,,,,,2021,NOT_CONFIRMED_AS_STRICT_S14,NOT_CONFIRMED_AS_P31DC,SOURCE_FAMILY_SEARCH,UNKNOWN,UNKNOWN,UNKNOWN,NOT_CONFIRMED_EXCLUDED,NOT_CONFIRMED_EXCLUDED,NOT_CONFIRMED,NO_ADMISSIBLE_SOURCE_FOUND_IN_CURRENT_PROBE,No exact S14/P31DC twelve-category household-purpose table was identified in adapter inputs.,NOT_RETRIEVED_IN_STEP2I_AUDIT,
CHN,CP04,National Bureau of Statistics of China,CHINA_STATISTICAL_YEARBOOK_2022,https://www.stats.gov.cn/sj/ndsj/2022/indexeh.htm,OFFICIAL_WEB_SOURCE_AUDIT,NO_ADMISSIBLE_SOURCE_FOUND_IN_CURRENT_PROBE,,,,,2021,NOT_CONFIRMED_AS_STRICT_S14,NOT_CONFIRMED_AS_P31DC,SOURCE_FAMILY_SEARCH,UNKNOWN,UNKNOWN,UNKNOWN,NOT_CONFIRMED_EXCLUDED,NOT_CONFIRMED_EXCLUDED,NOT_CONFIRMED,NO_ADMISSIBLE_SOURCE_FOUND_IN_CURRENT_PROBE,Yearbook family does not provide an accepted exact twelve-category national-accounts HFCE table in adapter inputs.,NOT_RETRIEVED_IN_STEP2I_AUDIT,
CHN,CP06,National Bureau of Statistics of China,CHINA_STATISTICAL_YEARBOOK_2022,https://www.stats.gov.cn/sj/ndsj/2022/indexeh.htm,OFFICIAL_WEB_SOURCE_AUDIT,NO_ADMISSIBLE_SOURCE_FOUND_IN_CURRENT_PROBE,,,,,2021,NOT_CONFIRMED_AS_STRICT_S14,NOT_CONFIRMED_AS_P31DC,SOURCE_FAMILY_SEARCH,UNKNOWN,UNKNOWN,UNKNOWN,NOT_CONFIRMED_EXCLUDED,NOT_CONFIRMED_EXCLUDED,NOT_CONFIRMED,NO_ADMISSIBLE_SOURCE_FOUND_IN_CURRENT_PROBE,Yearbook family does not provide an accepted exact twelve-category national-accounts HFCE table in adapter inputs.,NOT_RETRIEVED_IN_STEP2I_AUDIT,
CHN,CP09,National Bureau of Statistics of China,CHINA_STATISTICAL_YEARBOOK_2022,https://www.stats.gov.cn/sj/ndsj/2022/indexeh.htm,OFFICIAL_WEB_SOURCE_AUDIT,NO_ADMISSIBLE_SOURCE_FOUND_IN_CURRENT_PROBE,,,,,2021,NOT_CONFIRMED_AS_STRICT_S14,NOT_CONFIRMED_AS_P31DC,SOURCE_FAMILY_SEARCH,UNKNOWN,UNKNOWN,UNKNOWN,NOT_CONFIRMED_EXCLUDED,NOT_CONFIRMED_EXCLUDED,NOT_CONFIRMED,NO_ADMISSIBLE_SOURCE_FOUND_IN_CURRENT_PROBE,Yearbook family does not provide an accepted exact twelve-category national-accounts HFCE table in adapter inputs.,NOT_RETRIEVED_IN_STEP2I_AUDIT,
CHN,CP10,National Bureau of Statistics of China,CHINA_STATISTICAL_YEARBOOK_2022,https://www.stats.gov.cn/sj/ndsj/2022/indexeh.htm,OFFICIAL_WEB_SOURCE_AUDIT,NO_ADMISSIBLE_SOURCE_FOUND_IN_CURRENT_PROBE,,,,,2021,NOT_CONFIRMED_AS_STRICT_S14,NOT_CONFIRMED_AS_P31DC,SOURCE_FAMILY_SEARCH,UNKNOWN,UNKNOWN,UNKNOWN,NOT_CONFIRMED_EXCLUDED,NOT_CONFIRMED_EXCLUDED,NOT_CONFIRMED,NO_ADMISSIBLE_SOURCE_FOUND_IN_CURRENT_PROBE,Yearbook family does not provide an accepted exact twelve-category national-accounts HFCE table in adapter inputs.,NOT_RETRIEVED_IN_STEP2I_AUDIT,
CHN,CP12,National Bureau of Statistics of China,CHINA_STATISTICAL_YEARBOOK_2022,https://www.stats.gov.cn/sj/ndsj/2022/indexeh.htm,OFFICIAL_WEB_SOURCE_AUDIT,NO_ADMISSIBLE_SOURCE_FOUND_IN_CURRENT_PROBE,,,,,2021,NOT_CONFIRMED_AS_STRICT_S14,NOT_CONFIRMED_AS_P31DC,SOURCE_FAMILY_SEARCH,UNKNOWN,UNKNOWN,UNKNOWN,NOT_CONFIRMED_EXCLUDED,NOT_CONFIRMED_EXCLUDED,NOT_CONFIRMED,NO_ADMISSIBLE_SOURCE_FOUND_IN_CURRENT_PROBE,Yearbook family does not provide an accepted exact twelve-category national-accounts HFCE table in adapter inputs.,NOT_RETRIEVED_IN_STEP2I_AUDIT,
IDN,CP04,Badan Pusat Statistik,IDN_BPS_OFFICIAL_SOURCE_AUDIT,https://www.bps.go.id/en/publication/2025/05/28/2a1c585ebbd574dd91afed67/gross-domestic-product-of-indonesia-by-expenditure--2020-2024.html,OFFICIAL_WEB_SOURCE_AUDIT,NO_ADMISSIBLE_SOURCE_FOUND_IN_CURRENT_PROBE,,,,,2021,NOT_CONFIRMED_AS_STRICT_S14,NOT_CONFIRMED_AS_P31DC,7 groups,UNKNOWN,UNKNOWN,UNKNOWN,NOT_CONFIRMED_EXCLUDED,NOT_CONFIRMED_EXCLUDED,NOT_CONFIRMED,NO_ADMISSIBLE_SOURCE_FOUND_IN_CURRENT_PROBE,Official source identified in probe regroups COICOP and cannot be bridged exactly to twelve Armilar categories.,NOT_RETRIEVED_IN_STEP2I_AUDIT,
IDN,CP06,Badan Pusat Statistik,IDN_BPS_OFFICIAL_SOURCE_AUDIT,https://www.bps.go.id/en/publication/2025/05/28/2a1c585ebbd574dd91afed67/gross-domestic-product-of-indonesia-by-expenditure--2020-2024.html,OFFICIAL_WEB_SOURCE_AUDIT,NO_ADMISSIBLE_SOURCE_FOUND_IN_CURRENT_PROBE,,,,,2021,NOT_CONFIRMED_AS_STRICT_S14,NOT_CONFIRMED_AS_P31DC,7 groups,UNKNOWN,UNKNOWN,UNKNOWN,NOT_CONFIRMED_EXCLUDED,NOT_CONFIRMED_EXCLUDED,NOT_CONFIRMED,NO_ADMISSIBLE_SOURCE_FOUND_IN_CURRENT_PROBE,Official source identified in probe regroups COICOP and cannot be bridged exactly to twelve Armilar categories.,NOT_RETRIEVED_IN_STEP2I_AUDIT,
IDN,CP09,Badan Pusat Statistik,IDN_BPS_OFFICIAL_SOURCE_AUDIT,https://www.bps.go.id/en/publication/2025/05/28/2a1c585ebbd574dd91afed67/gross-domestic-product-of-indonesia-by-expenditure--2020-2024.html,OFFICIAL_WEB_SOURCE_AUDIT,NO_ADMISSIBLE_SOURCE_FOUND_IN_CURRENT_PROBE,,,,,2021,NOT_CONFIRMED_AS_STRICT_S14,NOT_CONFIRMED_AS_P31DC,7 groups,UNKNOWN,UNKNOWN,UNKNOWN,NOT_CONFIRMED_EXCLUDED,NOT_CONFIRMED_EXCLUDED,NOT_CONFIRMED,NO_ADMISSIBLE_SOURCE_FOUND_IN_CURRENT_PROBE,Official source identified in probe regroups COICOP and cannot be bridged exactly to twelve Armilar categories.,NOT_RETRIEVED_IN_STEP2I_AUDIT,
IDN,CP10,Badan Pusat Statistik,IDN_BPS_OFFICIAL_SOURCE_AUDIT,https://www.bps.go.id/en/publication/2025/05/28/2a1c585ebbd574dd91afed67/gross-domestic-product-of-indonesia-by-expenditure--2020-2024.html,OFFICIAL_WEB_SOURCE_AUDIT,NO_ADMISSIBLE_SOURCE_FOUND_IN_CURRENT_PROBE,,,,,2021,NOT_CONFIRMED_AS_STRICT_S14,NOT_CONFIRMED_AS_P31DC,7 groups,UNKNOWN,UNKNOWN,UNKNOWN,NOT_CONFIRMED_EXCLUDED,NOT_CONFIRMED_EXCLUDED,NOT_CONFIRMED,NO_ADMISSIBLE_SOURCE_FOUND_IN_CURRENT_PROBE,Official source identified in probe regroups COICOP and cannot be bridged exactly to twelve Armilar categories.,NOT_RETRIEVED_IN_STEP2I_AUDIT,
IDN,CP12,Badan Pusat Statistik,IDN_BPS_OFFICIAL_SOURCE_AUDIT,https://www.bps.go.id/en/publication/2025/05/28/2a1c585ebbd574dd91afed67/gross-domestic-product-of-indonesia-by-expenditure--2020-2024.html,OFFICIAL_WEB_SOURCE_AUDIT,NO_ADMISSIBLE_SOURCE_FOUND_IN_CURRENT_PROBE,,,,,2021,NOT_CONFIRMED_AS_STRICT_S14,NOT_CONFIRMED_AS_P31DC,7 groups,UNKNOWN,UNKNOWN,UNKNOWN,NOT_CONFIRMED_EXCLUDED,NOT_CONFIRMED_EXCLUDED,NOT_CONFIRMED,NO_ADMISSIBLE_SOURCE_FOUND_IN_CURRENT_PROBE,Official source identified in probe regroups COICOP and cannot be bridged exactly to twelve Armilar categories.,NOT_RETRIEVED_IN_STEP2I_AUDIT,
IDN,CP04,Badan Pusat Statistik,BPS_STATISTICS_TABLES_EXPENDITURE,https://www.bps.go.id/en/statistics-table?subject=531,OFFICIAL_WEB_SOURCE_AUDIT,NO_ADMISSIBLE_SOURCE_FOUND_IN_CURRENT_PROBE,,,,,2021,NOT_CONFIRMED_AS_STRICT_S14,NOT_CONFIRMED_AS_P31DC,SOURCE_FAMILY_SEARCH,UNKNOWN,UNKNOWN,UNKNOWN,NOT_CONFIRMED_EXCLUDED,NOT_CONFIRMED_EXCLUDED,NOT_CONFIRMED,NO_ADMISSIBLE_SOURCE_FOUND_IN_CURRENT_PROBE,No alternative exact twelve-category household-purpose table was integrated.,NOT_RETRIEVED_IN_STEP2I_AUDIT,
IDN,CP06,Badan Pusat Statistik,BPS_STATISTICS_TABLES_EXPENDITURE,https://www.bps.go.id/en/statistics-table?subject=531,OFFICIAL_WEB_SOURCE_AUDIT,NO_ADMISSIBLE_SOURCE_FOUND_IN_CURRENT_PROBE,,,,,2021,NOT_CONFIRMED_AS_STRICT_S14,NOT_CONFIRMED_AS_P31DC,SOURCE_FAMILY_SEARCH,UNKNOWN,UNKNOWN,UNKNOWN,NOT_CONFIRMED_EXCLUDED,NOT_CONFIRMED_EXCLUDED,NOT_CONFIRMED,NO_ADMISSIBLE_SOURCE_FOUND_IN_CURRENT_PROBE,No alternative exact twelve-category household-purpose table was integrated.,NOT_RETRIEVED_IN_STEP2I_AUDIT,
IDN,CP09,Badan Pusat Statistik,BPS_STATISTICS_TABLES_EXPENDITURE,https://www.bps.go.id/en/statistics-table?subject=531,OFFICIAL_WEB_SOURCE_AUDIT,NO_ADMISSIBLE_SOURCE_FOUND_IN_CURRENT_PROBE,,,,,2021,NOT_CONFIRMED_AS_STRICT_S14,NOT_CONFIRMED_AS_P31DC,SOURCE_FAMILY_SEARCH,UNKNOWN,UNKNOWN,UNKNOWN,NOT_CONFIRMED_EXCLUDED,NOT_CONFIRMED_EXCLUDED,NOT_CONFIRMED,NO_ADMISSIBLE_SOURCE_FOUND_IN_CURRENT_PROBE,No alternative exact twelve-category household-purpose table was integrated.,NOT_RETRIEVED_IN_STEP2I_AUDIT,
IDN,CP10,Badan Pusat Statistik,BPS_STATISTICS_TABLES_EXPENDITURE,https://www.bps.go.id/en/statistics-table?subject=531,OFFICIAL_WEB_SOURCE_AUDIT,NO_ADMISSIBLE_SOURCE_FOUND_IN_CURRENT_PROBE,,,,,2021,NOT_CONFIRMED_AS_STRICT_S14,NOT_CONFIRMED_AS_P31DC,SOURCE_FAMILY_SEARCH,UNKNOWN,UNKNOWN,UNKNOWN,NOT_CONFIRMED_EXCLUDED,NOT_CONFIRMED_EXCLUDED,NOT_CONFIRMED,NO_ADMISSIBLE_SOURCE_FOUND_IN_CURRENT_PROBE,No alternative exact twelve-category household-purpose table was integrated.,NOT_RETRIEVED_IN_STEP2I_AUDIT,
IDN,CP12,Badan Pusat Statistik,BPS_STATISTICS_TABLES_EXPENDITURE,https://www.bps.go.id/en/statistics-table?subject=531,OFFICIAL_WEB_SOURCE_AUDIT,NO_ADMISSIBLE_SOURCE_FOUND_IN_CURRENT_PROBE,,,,,2021,NOT_CONFIRMED_AS_STRICT_S14,NOT_CONFIRMED_AS_P31DC,SOURCE_FAMILY_SEARCH,UNKNOWN,UNKNOWN,UNKNOWN,NOT_CONFIRMED_EXCLUDED,NOT_CONFIRMED_EXCLUDED,NOT_CONFIRMED,NO_ADMISSIBLE_SOURCE_FOUND_IN_CURRENT_PROBE,No alternative exact twelve-category household-purpose table was integrated.,NOT_RETRIEVED_IN_STEP2I_AUDIT,
IDN,CP04,Badan Pusat Statistik,BPS_SUPPLY_USE_OR_NATIONAL_ACCOUNTS_SEARCH,https://www.bps.go.id/en,OFFICIAL_WEB_SOURCE_AUDIT,NO_ADMISSIBLE_SOURCE_FOUND_IN_CURRENT_PROBE,,,,,2021,NOT_CONFIRMED_AS_STRICT_S14,NOT_CONFIRMED_AS_P31DC,SOURCE_FAMILY_SEARCH,UNKNOWN,UNKNOWN,UNKNOWN,NOT_CONFIRMED_EXCLUDED,NOT_CONFIRMED_EXCLUDED,NOT_CONFIRMED,NO_ADMISSIBLE_SOURCE_FOUND_IN_CURRENT_PROBE,No exact COICOP-HH bridge without allocation was found in adapter inputs.,NOT_RETRIEVED_IN_STEP2I_AUDIT,
IDN,CP06,Badan Pusat Statistik,BPS_SUPPLY_USE_OR_NATIONAL_ACCOUNTS_SEARCH,https://www.bps.go.id/en,OFFICIAL_WEB_SOURCE_AUDIT,NO_ADMISSIBLE_SOURCE_FOUND_IN_CURRENT_PROBE,,,,,2021,NOT_CONFIRMED_AS_STRICT_S14,NOT_CONFIRMED_AS_P31DC,SOURCE_FAMILY_SEARCH,UNKNOWN,UNKNOWN,UNKNOWN,NOT_CONFIRMED_EXCLUDED,NOT_CONFIRMED_EXCLUDED,NOT_CONFIRMED,NO_ADMISSIBLE_SOURCE_FOUND_IN_CURRENT_PROBE,No exact COICOP-HH bridge without allocation was found in adapter inputs.,NOT_RETRIEVED_IN_STEP2I_AUDIT,
IDN,CP09,Badan Pusat Statistik,BPS_SUPPLY_USE_OR_NATIONAL_ACCOUNTS_SEARCH,https://www.bps.go.id/en,OFFICIAL_WEB_SOURCE_AUDIT,NO_ADMISSIBLE_SOURCE_FOUND_IN_CURRENT_PROBE,,,,,2021,NOT_CONFIRMED_AS_STRICT_S14,NOT_CONFIRMED_AS_P31DC,SOURCE_FAMILY_SEARCH,UNKNOWN,UNKNOWN,UNKNOWN,NOT_CONFIRMED_EXCLUDED,NOT_CONFIRMED_EXCLUDED,NOT_CONFIRMED,NO_ADMISSIBLE_SOURCE_FOUND_IN_CURRENT_PROBE,No exact COICOP-HH bridge without allocation was found in adapter inputs.,NOT_RETRIEVED_IN_STEP2I_AUDIT,
IDN,CP10,Badan Pusat Statistik,BPS_SUPPLY_USE_OR_NATIONAL_ACCOUNTS_SEARCH,https://www.bps.go.id/en,OFFICIAL_WEB_SOURCE_AUDIT,NO_ADMISSIBLE_SOURCE_FOUND_IN_CURRENT_PROBE,,,,,2021,NOT_CONFIRMED_AS_STRICT_S14,NOT_CONFIRMED_AS_P31DC,SOURCE_FAMILY_SEARCH,UNKNOWN,UNKNOWN,UNKNOWN,NOT_CONFIRMED_EXCLUDED,NOT_CONFIRMED_EXCLUDED,NOT_CONFIRMED,NO_ADMISSIBLE_SOURCE_FOUND_IN_CURRENT_PROBE,No exact COICOP-HH bridge without allocation was found in adapter inputs.,NOT_RETRIEVED_IN_STEP2I_AUDIT,
IDN,CP12,Badan Pusat Statistik,BPS_SUPPLY_USE_OR_NATIONAL_ACCOUNTS_SEARCH,https://www.bps.go.id/en,OFFICIAL_WEB_SOURCE_AUDIT,NO_ADMISSIBLE_SOURCE_FOUND_IN_CURRENT_PROBE,,,,,2021,NOT_CONFIRMED_AS_STRICT_S14,NOT_CONFIRMED_AS_P31DC,SOURCE_FAMILY_SEARCH,UNKNOWN,UNKNOWN,UNKNOWN,NOT_CONFIRMED_EXCLUDED,NOT_CONFIRMED_EXCLUDED,NOT_CONFIRMED,NO_ADMISSIBLE_SOURCE_FOUND_IN_CURRENT_PROBE,No exact COICOP-HH bridge without allocation was found in adapter inputs.,NOT_RETRIEVED_IN_STEP2I_AUDIT,
BRA,CP04,Instituto Brasileiro de Geografia e Estatistica,BRA_IBGE_OFFICIAL_SOURCE_AUDIT,https://www.ibge.gov.br/estatisticas/economicas/comercio/9052-sistema-de-contas-nacionais-brasil.html,OFFICIAL_WEB_SOURCE_AUDIT,NO_ADMISSIBLE_SOURCE_FOUND_IN_CURRENT_PROBE,,,,,2021,NOT_CONFIRMED_AS_STRICT_S14,NOT_CONFIRMED_AS_P31DC,product tables,UNKNOWN,UNKNOWN,UNKNOWN,NOT_CONFIRMED_EXCLUDED,NOT_CONFIRMED_EXCLUDED,NOT_CONFIRMED,NO_ADMISSIBLE_SOURCE_FOUND_IN_CURRENT_PROBE,Official product tables would require many-to-many product-to-COICOP allocation.,NOT_RETRIEVED_IN_STEP2I_AUDIT,
BRA,CP06,Instituto Brasileiro de Geografia e Estatistica,BRA_IBGE_OFFICIAL_SOURCE_AUDIT,https://www.ibge.gov.br/estatisticas/economicas/comercio/9052-sistema-de-contas-nacionais-brasil.html,OFFICIAL_WEB_SOURCE_AUDIT,NO_ADMISSIBLE_SOURCE_FOUND_IN_CURRENT_PROBE,,,,,2021,NOT_CONFIRMED_AS_STRICT_S14,NOT_CONFIRMED_AS_P31DC,product tables,UNKNOWN,UNKNOWN,UNKNOWN,NOT_CONFIRMED_EXCLUDED,NOT_CONFIRMED_EXCLUDED,NOT_CONFIRMED,NO_ADMISSIBLE_SOURCE_FOUND_IN_CURRENT_PROBE,Official product tables would require many-to-many product-to-COICOP allocation.,NOT_RETRIEVED_IN_STEP2I_AUDIT,
BRA,CP09,Instituto Brasileiro de Geografia e Estatistica,BRA_IBGE_OFFICIAL_SOURCE_AUDIT,https://www.ibge.gov.br/estatisticas/economicas/comercio/9052-sistema-de-contas-nacionais-brasil.html,OFFICIAL_WEB_SOURCE_AUDIT,NO_ADMISSIBLE_SOURCE_FOUND_IN_CURRENT_PROBE,,,,,2021,NOT_CONFIRMED_AS_STRICT_S14,NOT_CONFIRMED_AS_P31DC,product tables,UNKNOWN,UNKNOWN,UNKNOWN,NOT_CONFIRMED_EXCLUDED,NOT_CONFIRMED_EXCLUDED,NOT_CONFIRMED,NO_ADMISSIBLE_SOURCE_FOUND_IN_CURRENT_PROBE,Official product tables would require many-to-many product-to-COICOP allocation.,NOT_RETRIEVED_IN_STEP2I_AUDIT,
BRA,CP10,Instituto Brasileiro de Geografia e Estatistica,BRA_IBGE_OFFICIAL_SOURCE_AUDIT,https://www.ibge.gov.br/estatisticas/economicas/comercio/9052-sistema-de-contas-nacionais-brasil.html,OFFICIAL_WEB_SOURCE_AUDIT,NO_ADMISSIBLE_SOURCE_FOUND_IN_CURRENT_PROBE,,,,,2021,NOT_CONFIRMED_AS_STRICT_S14,NOT_CONFIRMED_AS_P31DC,product tables,UNKNOWN,UNKNOWN,UNKNOWN,NOT_CONFIRMED_EXCLUDED,NOT_CONFIRMED_EXCLUDED,NOT_CONFIRMED,NO_ADMISSIBLE_SOURCE_FOUND_IN_CURRENT_PROBE,Official product tables would require many-to-many product-to-COICOP allocation.,NOT_RETRIEVED_IN_STEP2I_AUDIT,
BRA,CP12,Instituto Brasileiro de Geografia e Estatistica,BRA_IBGE_OFFICIAL_SOURCE_AUDIT,https://www.ibge.gov.br/estatisticas/economicas/comercio/9052-sistema-de-contas-nacionais-brasil.html,OFFICIAL_WEB_SOURCE_AUDIT,NO_ADMISSIBLE_SOURCE_FOUND_IN_CURRENT_PROBE,,,,,2021,NOT_CONFIRMED_AS_STRICT_S14,NOT_CONFIRMED_AS_P31DC,product tables,UNKNOWN,UNKNOWN,UNKNOWN,NOT_CONFIRMED_EXCLUDED,NOT_CONFIRMED_EXCLUDED,NOT_CONFIRMED,NO_ADMISSIBLE_SOURCE_FOUND_IN_CURRENT_PROBE,Official product tables would require many-to-many product-to-COICOP allocation.,NOT_RETRIEVED_IN_STEP2I_AUDIT,
BRA,CP04,Instituto Brasileiro de Geografia e Estatistica,IBGE_SIDRA_NATIONAL_ACCOUNTS,https://sidra.ibge.gov.br/pesquisa/cnt/tabelas,OFFICIAL_WEB_SOURCE_AUDIT,NO_ADMISSIBLE_SOURCE_FOUND_IN_CURRENT_PROBE,,,,,2021,NOT_CONFIRMED_AS_STRICT_S14,NOT_CONFIRMED_AS_P31DC,SOURCE_FAMILY_SEARCH,UNKNOWN,UNKNOWN,UNKNOWN,NOT_CONFIRMED_EXCLUDED,NOT_CONFIRMED_EXCLUDED,NOT_CONFIRMED,NO_ADMISSIBLE_SOURCE_FOUND_IN_CURRENT_PROBE,No accepted exact household-purpose COICOP table was integrated.,NOT_RETRIEVED_IN_STEP2I_AUDIT,
BRA,CP06,Instituto Brasileiro de Geografia e Estatistica,IBGE_SIDRA_NATIONAL_ACCOUNTS,https://sidra.ibge.gov.br/pesquisa/cnt/tabelas,OFFICIAL_WEB_SOURCE_AUDIT,NO_ADMISSIBLE_SOURCE_FOUND_IN_CURRENT_PROBE,,,,,2021,NOT_CONFIRMED_AS_STRICT_S14,NOT_CONFIRMED_AS_P31DC,SOURCE_FAMILY_SEARCH,UNKNOWN,UNKNOWN,UNKNOWN,NOT_CONFIRMED_EXCLUDED,NOT_CONFIRMED_EXCLUDED,NOT_CONFIRMED,NO_ADMISSIBLE_SOURCE_FOUND_IN_CURRENT_PROBE,No accepted exact household-purpose COICOP table was integrated.,NOT_RETRIEVED_IN_STEP2I_AUDIT,
BRA,CP09,Instituto Brasileiro de Geografia e Estatistica,IBGE_SIDRA_NATIONAL_ACCOUNTS,https://sidra.ibge.gov.br/pesquisa/cnt/tabelas,OFFICIAL_WEB_SOURCE_AUDIT,NO_ADMISSIBLE_SOURCE_FOUND_IN_CURRENT_PROBE,,,,,2021,NOT_CONFIRMED_AS_STRICT_S14,NOT_CONFIRMED_AS_P31DC,SOURCE_FAMILY_SEARCH,UNKNOWN,UNKNOWN,UNKNOWN,NOT_CONFIRMED_EXCLUDED,NOT_CONFIRMED_EXCLUDED,NOT_CONFIRMED,NO_ADMISSIBLE_SOURCE_FOUND_IN_CURRENT_PROBE,No accepted exact household-purpose COICOP table was integrated.,NOT_RETRIEVED_IN_STEP2I_AUDIT,
BRA,CP10,Instituto Brasileiro de Geografia e Estatistica,IBGE_SIDRA_NATIONAL_ACCOUNTS,https://sidra.ibge.gov.br/pesquisa/cnt/tabelas,OFFICIAL_WEB_SOURCE_AUDIT,NO_ADMISSIBLE_SOURCE_FOUND_IN_CURRENT_PROBE,,,,,2021,NOT_CONFIRMED_AS_STRICT_S14,NOT_CONFIRMED_AS_P31DC,SOURCE_FAMILY_SEARCH,UNKNOWN,UNKNOWN,UNKNOWN,NOT_CONFIRMED_EXCLUDED,NOT_CONFIRMED_EXCLUDED,NOT_CONFIRMED,NO_ADMISSIBLE_SOURCE_FOUND_IN_CURRENT_PROBE,No accepted exact household-purpose COICOP table was integrated.,NOT_RETRIEVED_IN_STEP2I_AUDIT,
BRA,CP12,Instituto Brasileiro de Geografia e Estatistica,IBGE_SIDRA_NATIONAL_ACCOUNTS,https://sidra.ibge.gov.br/pesquisa/cnt/tabelas,OFFICIAL_WEB_SOURCE_AUDIT,NO_ADMISSIBLE_SOURCE_FOUND_IN_CURRENT_PROBE,,,,,2021,NOT_CONFIRMED_AS_STRICT_S14,NOT_CONFIRMED_AS_P31DC,SOURCE_FAMILY_SEARCH,UNKNOWN,UNKNOWN,UNKNOWN,NOT_CONFIRMED_EXCLUDED,NOT_CONFIRMED_EXCLUDED,NOT_CONFIRMED,NO_ADMISSIBLE_SOURCE_FOUND_IN_CURRENT_PROBE,No accepted exact household-purpose COICOP table was integrated.,NOT_RETRIEVED_IN_STEP2I_AUDIT,
BRA,CP04,Instituto Brasileiro de Geografia e Estatistica,IBGE_CONTAS_NACIONAIS_SOURCE_FAMILY,https://www.ibge.gov.br/estatisticas/economicas/contas-nacionais.html,OFFICIAL_WEB_SOURCE_AUDIT,NO_ADMISSIBLE_SOURCE_FOUND_IN_CURRENT_PROBE,,,,,2021,NOT_CONFIRMED_AS_STRICT_S14,NOT_CONFIRMED_AS_P31DC,SOURCE_FAMILY_SEARCH,UNKNOWN,UNKNOWN,UNKNOWN,NOT_CONFIRMED_EXCLUDED,NOT_CONFIRMED_EXCLUDED,NOT_CONFIRMED,NO_ADMISSIBLE_SOURCE_FOUND_IN_CURRENT_PROBE,Product/resource-use sources require many-to-many product-to-COICOP allocation and remain unavailable for exact weights.,NOT_RETRIEVED_IN_STEP2I_AUDIT,
BRA,CP06,Instituto Brasileiro de Geografia e Estatistica,IBGE_CONTAS_NACIONAIS_SOURCE_FAMILY,https://www.ibge.gov.br/estatisticas/economicas/contas-nacionais.html,OFFICIAL_WEB_SOURCE_AUDIT,NO_ADMISSIBLE_SOURCE_FOUND_IN_CURRENT_PROBE,,,,,2021,NOT_CONFIRMED_AS_STRICT_S14,NOT_CONFIRMED_AS_P31DC,SOURCE_FAMILY_SEARCH,UNKNOWN,UNKNOWN,UNKNOWN,NOT_CONFIRMED_EXCLUDED,NOT_CONFIRMED_EXCLUDED,NOT_CONFIRMED,NO_ADMISSIBLE_SOURCE_FOUND_IN_CURRENT_PROBE,Product/resource-use sources require many-to-many product-to-COICOP allocation and remain unavailable for exact weights.,NOT_RETRIEVED_IN_STEP2I_AUDIT,
BRA,CP09,Instituto Brasileiro de Geografia e Estatistica,IBGE_CONTAS_NACIONAIS_SOURCE_FAMILY,https://www.ibge.gov.br/estatisticas/economicas/contas-nacionais.html,OFFICIAL_WEB_SOURCE_AUDIT,NO_ADMISSIBLE_SOURCE_FOUND_IN_CURRENT_PROBE,,,,,2021,NOT_CONFIRMED_AS_STRICT_S14,NOT_CONFIRMED_AS_P31DC,SOURCE_FAMILY_SEARCH,UNKNOWN,UNKNOWN,UNKNOWN,NOT_CONFIRMED_EXCLUDED,NOT_CONFIRMED_EXCLUDED,NOT_CONFIRMED,NO_ADMISSIBLE_SOURCE_FOUND_IN_CURRENT_PROBE,Product/resource-use sources require many-to-many product-to-COICOP allocation and remain unavailable for exact weights.,NOT_RETRIEVED_IN_STEP2I_AUDIT,
BRA,CP10,Instituto Brasileiro de Geografia e Estatistica,IBGE_CONTAS_NACIONAIS_SOURCE_FAMILY,https://www.ibge.gov.br/estatisticas/economicas/contas-nacionais.html,OFFICIAL_WEB_SOURCE_AUDIT,NO_ADMISSIBLE_SOURCE_FOUND_IN_CURRENT_PROBE,,,,,2021,NOT_CONFIRMED_AS_STRICT_S14,NOT_CONFIRMED_AS_P31DC,SOURCE_FAMILY_SEARCH,UNKNOWN,UNKNOWN,UNKNOWN,NOT_CONFIRMED_EXCLUDED,NOT_CONFIRMED_EXCLUDED,NOT_CONFIRMED,NO_ADMISSIBLE_SOURCE_FOUND_IN_CURRENT_PROBE,Product/resource-use sources require many-to-many product-to-COICOP allocation and remain unavailable for exact weights.,NOT_RETRIEVED_IN_STEP2I_AUDIT,
BRA,CP12,Instituto Brasileiro de Geografia e Estatistica,IBGE_CONTAS_NACIONAIS_SOURCE_FAMILY,https://www.ibge.gov.br/estatisticas/economicas/contas-nacionais.html,OFFICIAL_WEB_SOURCE_AUDIT,NO_ADMISSIBLE_SOURCE_FOUND_IN_CURRENT_PROBE,,,,,2021,NOT_CONFIRMED_AS_STRICT_S14,NOT_CONFIRMED_AS_P31DC,SOURCE_FAMILY_SEARCH,UNKNOWN,UNKNOWN,UNKNOWN,NOT_CONFIRMED_EXCLUDED,NOT_CONFIRMED_EXCLUDED,NOT_CONFIRMED,NO_ADMISSIBLE_SOURCE_FOUND_IN_CURRENT_PROBE,Product/resource-use sources require many-to-many product-to-COICOP allocation and remain unavailable for exact weights.,NOT_RETRIEVED_IN_STEP2I_AUDIT,
EGY,CP04,Central Agency for Public Mobilization and Statistics,EGY_CAPMAS_OFFICIAL_SOURCE_AUDIT,https://www.censusinfo.capmas.gov.eg/metadata-en-v4.2/index.php/catalog/747/overview,OFFICIAL_WEB_SOURCE_AUDIT,NO_ADMISSIBLE_SOURCE_FOUND_IN_CURRENT_PROBE,,,,,2021,NOT_CONFIRMED_AS_STRICT_S14,NOT_CONFIRMED_AS_P31DC,survey microdata,UNKNOWN,UNKNOWN,UNKNOWN,NOT_CONFIRMED_EXCLUDED,NOT_CONFIRMED_EXCLUDED,NOT_CONFIRMED,NO_ADMISSIBLE_SOURCE_FOUND_IN_CURRENT_PROBE,"Official HIECS is a survey source, not national-accounts S14/P31 current-price HFCE.",NOT_RETRIEVED_IN_STEP2I_AUDIT,
EGY,CP06,Central Agency for Public Mobilization and Statistics,EGY_CAPMAS_OFFICIAL_SOURCE_AUDIT,https://www.censusinfo.capmas.gov.eg/metadata-en-v4.2/index.php/catalog/747/overview,OFFICIAL_WEB_SOURCE_AUDIT,NO_ADMISSIBLE_SOURCE_FOUND_IN_CURRENT_PROBE,,,,,2021,NOT_CONFIRMED_AS_STRICT_S14,NOT_CONFIRMED_AS_P31DC,survey microdata,UNKNOWN,UNKNOWN,UNKNOWN,NOT_CONFIRMED_EXCLUDED,NOT_CONFIRMED_EXCLUDED,NOT_CONFIRMED,NO_ADMISSIBLE_SOURCE_FOUND_IN_CURRENT_PROBE,"Official HIECS is a survey source, not national-accounts S14/P31 current-price HFCE.",NOT_RETRIEVED_IN_STEP2I_AUDIT,
EGY,CP09,Central Agency for Public Mobilization and Statistics,EGY_CAPMAS_OFFICIAL_SOURCE_AUDIT,https://www.censusinfo.capmas.gov.eg/metadata-en-v4.2/index.php/catalog/747/overview,OFFICIAL_WEB_SOURCE_AUDIT,NO_ADMISSIBLE_SOURCE_FOUND_IN_CURRENT_PROBE,,,,,2021,NOT_CONFIRMED_AS_STRICT_S14,NOT_CONFIRMED_AS_P31DC,survey microdata,UNKNOWN,UNKNOWN,UNKNOWN,NOT_CONFIRMED_EXCLUDED,NOT_CONFIRMED_EXCLUDED,NOT_CONFIRMED,NO_ADMISSIBLE_SOURCE_FOUND_IN_CURRENT_PROBE,"Official HIECS is a survey source, not national-accounts S14/P31 current-price HFCE.",NOT_RETRIEVED_IN_STEP2I_AUDIT,
EGY,CP10,Central Agency for Public Mobilization and Statistics,EGY_CAPMAS_OFFICIAL_SOURCE_AUDIT,https://www.censusinfo.capmas.gov.eg/metadata-en-v4.2/index.php/catalog/747/overview,OFFICIAL_WEB_SOURCE_AUDIT,NO_ADMISSIBLE_SOURCE_FOUND_IN_CURRENT_PROBE,,,,,2021,NOT_CONFIRMED_AS_STRICT_S14,NOT_CONFIRMED_AS_P31DC,survey microdata,UNKNOWN,UNKNOWN,UNKNOWN,NOT_CONFIRMED_EXCLUDED,NOT_CONFIRMED_EXCLUDED,NOT_CONFIRMED,NO_ADMISSIBLE_SOURCE_FOUND_IN_CURRENT_PROBE,"Official HIECS is a survey source, not national-accounts S14/P31 current-price HFCE.",NOT_RETRIEVED_IN_STEP2I_AUDIT,
EGY,CP12,Central Agency for Public Mobilization and Statistics,EGY_CAPMAS_OFFICIAL_SOURCE_AUDIT,https://www.censusinfo.capmas.gov.eg/metadata-en-v4.2/index.php/catalog/747/overview,OFFICIAL_WEB_SOURCE_AUDIT,NO_ADMISSIBLE_SOURCE_FOUND_IN_CURRENT_PROBE,,,,,2021,NOT_CONFIRMED_AS_STRICT_S14,NOT_CONFIRMED_AS_P31DC,survey microdata,UNKNOWN,UNKNOWN,UNKNOWN,NOT_CONFIRMED_EXCLUDED,NOT_CONFIRMED_EXCLUDED,NOT_CONFIRMED,NO_ADMISSIBLE_SOURCE_FOUND_IN_CURRENT_PROBE,"Official HIECS is a survey source, not national-accounts S14/P31 current-price HFCE.",NOT_RETRIEVED_IN_STEP2I_AUDIT,
PAK,CP04,Pakistan Bureau of Statistics,PAK_PBS_OFFICIAL_SOURCE_AUDIT,https://www.pbs.gov.pk/national-accounts-2/,OFFICIAL_WEB_SOURCE_AUDIT,NO_ADMISSIBLE_SOURCE_FOUND_IN_CURRENT_PROBE,,,,,2021-22,NOT_CONFIRMED_AS_STRICT_S14,NOT_CONFIRMED_AS_P31DC,aggregate only,UNKNOWN,UNKNOWN,UNKNOWN,NOT_CONFIRMED_EXCLUDED,NOT_CONFIRMED_EXCLUDED,NOT_CONFIRMED,NO_ADMISSIBLE_SOURCE_FOUND_IN_CURRENT_PROBE,Public national-accounts source does not expose a twelve-category strict household table.,NOT_RETRIEVED_IN_STEP2I_AUDIT,
PAK,CP06,Pakistan Bureau of Statistics,PAK_PBS_OFFICIAL_SOURCE_AUDIT,https://www.pbs.gov.pk/national-accounts-2/,OFFICIAL_WEB_SOURCE_AUDIT,NO_ADMISSIBLE_SOURCE_FOUND_IN_CURRENT_PROBE,,,,,2021-22,NOT_CONFIRMED_AS_STRICT_S14,NOT_CONFIRMED_AS_P31DC,aggregate only,UNKNOWN,UNKNOWN,UNKNOWN,NOT_CONFIRMED_EXCLUDED,NOT_CONFIRMED_EXCLUDED,NOT_CONFIRMED,NO_ADMISSIBLE_SOURCE_FOUND_IN_CURRENT_PROBE,Public national-accounts source does not expose a twelve-category strict household table.,NOT_RETRIEVED_IN_STEP2I_AUDIT,
PAK,CP09,Pakistan Bureau of Statistics,PAK_PBS_OFFICIAL_SOURCE_AUDIT,https://www.pbs.gov.pk/national-accounts-2/,OFFICIAL_WEB_SOURCE_AUDIT,NO_ADMISSIBLE_SOURCE_FOUND_IN_CURRENT_PROBE,,,,,2021-22,NOT_CONFIRMED_AS_STRICT_S14,NOT_CONFIRMED_AS_P31DC,aggregate only,UNKNOWN,UNKNOWN,UNKNOWN,NOT_CONFIRMED_EXCLUDED,NOT_CONFIRMED_EXCLUDED,NOT_CONFIRMED,NO_ADMISSIBLE_SOURCE_FOUND_IN_CURRENT_PROBE,Public national-accounts source does not expose a twelve-category strict household table.,NOT_RETRIEVED_IN_STEP2I_AUDIT,
PAK,CP10,Pakistan Bureau of Statistics,PAK_PBS_OFFICIAL_SOURCE_AUDIT,https://www.pbs.gov.pk/national-accounts-2/,OFFICIAL_WEB_SOURCE_AUDIT,NO_ADMISSIBLE_SOURCE_FOUND_IN_CURRENT_PROBE,,,,,2021-22,NOT_CONFIRMED_AS_STRICT_S14,NOT_CONFIRMED_AS_P31DC,aggregate only,UNKNOWN,UNKNOWN,UNKNOWN,NOT_CONFIRMED_EXCLUDED,NOT_CONFIRMED_EXCLUDED,NOT_CONFIRMED,NO_ADMISSIBLE_SOURCE_FOUND_IN_CURRENT_PROBE,Public national-accounts source does not expose a twelve-category strict household table.,NOT_RETRIEVED_IN_STEP2I_AUDIT,
PAK,CP12,Pakistan Bureau of Statistics,PAK_PBS_OFFICIAL_SOURCE_AUDIT,https://www.pbs.gov.pk/national-accounts-2/,OFFICIAL_WEB_SOURCE_AUDIT,NO_ADMISSIBLE_SOURCE_FOUND_IN_CURRENT_PROBE,,,,,2021-22,NOT_CONFIRMED_AS_STRICT_S14,NOT_CONFIRMED_AS_P31DC,aggregate only,UNKNOWN,UNKNOWN,UNKNOWN,NOT_CONFIRMED_EXCLUDED,NOT_CONFIRMED_EXCLUDED,NOT_CONFIRMED,NO_ADMISSIBLE_SOURCE_FOUND_IN_CURRENT_PROBE,Public national-accounts source does not expose a twelve-category strict household table.,NOT_RETRIEVED_IN_STEP2I_AUDIT,
NGA,CP04,National Bureau of Statistics,NGA_NBS_OFFICIAL_SOURCE_AUDIT,https://www.nigerianstat.gov.ng/elibrary/read/1241168,OFFICIAL_WEB_SOURCE_AUDIT,NO_ADMISSIBLE_SOURCE_FOUND_IN_CURRENT_PROBE,,,,,2021,NOT_CONFIRMED_AS_STRICT_S14,NOT_CONFIRMED_AS_P31DC,aggregate only,UNKNOWN,UNKNOWN,UNKNOWN,NOT_CONFIRMED_EXCLUDED,NOT_CONFIRMED_EXCLUDED,NOT_CONFIRMED,NO_ADMISSIBLE_SOURCE_FOUND_IN_CURRENT_PROBE,"Official expenditure-GDP report publishes aggregate household consumption, not twelve categories.",NOT_RETRIEVED_IN_STEP2I_AUDIT,
NGA,CP06,National Bureau of Statistics,NGA_NBS_OFFICIAL_SOURCE_AUDIT,https://www.nigerianstat.gov.ng/elibrary/read/1241168,OFFICIAL_WEB_SOURCE_AUDIT,NO_ADMISSIBLE_SOURCE_FOUND_IN_CURRENT_PROBE,,,,,2021,NOT_CONFIRMED_AS_STRICT_S14,NOT_CONFIRMED_AS_P31DC,aggregate only,UNKNOWN,UNKNOWN,UNKNOWN,NOT_CONFIRMED_EXCLUDED,NOT_CONFIRMED_EXCLUDED,NOT_CONFIRMED,NO_ADMISSIBLE_SOURCE_FOUND_IN_CURRENT_PROBE,"Official expenditure-GDP report publishes aggregate household consumption, not twelve categories.",NOT_RETRIEVED_IN_STEP2I_AUDIT,
NGA,CP09,National Bureau of Statistics,NGA_NBS_OFFICIAL_SOURCE_AUDIT,https://www.nigerianstat.gov.ng/elibrary/read/1241168,OFFICIAL_WEB_SOURCE_AUDIT,NO_ADMISSIBLE_SOURCE_FOUND_IN_CURRENT_PROBE,,,,,2021,NOT_CONFIRMED_AS_STRICT_S14,NOT_CONFIRMED_AS_P31DC,aggregate only,UNKNOWN,UNKNOWN,UNKNOWN,NOT_CONFIRMED_EXCLUDED,NOT_CONFIRMED_EXCLUDED,NOT_CONFIRMED,NO_ADMISSIBLE_SOURCE_FOUND_IN_CURRENT_PROBE,"Official expenditure-GDP report publishes aggregate household consumption, not twelve categories.",NOT_RETRIEVED_IN_STEP2I_AUDIT,
NGA,CP10,National Bureau of Statistics,NGA_NBS_OFFICIAL_SOURCE_AUDIT,https://www.nigerianstat.gov.ng/elibrary/read/1241168,OFFICIAL_WEB_SOURCE_AUDIT,NO_ADMISSIBLE_SOURCE_FOUND_IN_CURRENT_PROBE,,,,,2021,NOT_CONFIRMED_AS_STRICT_S14,NOT_CONFIRMED_AS_P31DC,aggregate only,UNKNOWN,UNKNOWN,UNKNOWN,NOT_CONFIRMED_EXCLUDED,NOT_CONFIRMED_EXCLUDED,NOT_CONFIRMED,NO_ADMISSIBLE_SOURCE_FOUND_IN_CURRENT_PROBE,"Official expenditure-GDP report publishes aggregate household consumption, not twelve categories.",NOT_RETRIEVED_IN_STEP2I_AUDIT,
NGA,CP12,National Bureau of Statistics,NGA_NBS_OFFICIAL_SOURCE_AUDIT,https://www.nigerianstat.gov.ng/elibrary/read/1241168,OFFICIAL_WEB_SOURCE_AUDIT,NO_ADMISSIBLE_SOURCE_FOUND_IN_CURRENT_PROBE,,,,,2021,NOT_CONFIRMED_AS_STRICT_S14,NOT_CONFIRMED_AS_P31DC,aggregate only,UNKNOWN,UNKNOWN,UNKNOWN,NOT_CONFIRMED_EXCLUDED,NOT_CONFIRMED_EXCLUDED,NOT_CONFIRMED,NO_ADMISSIBLE_SOURCE_FOUND_IN_CURRENT_PROBE,"Official expenditure-GDP report publishes aggregate household consumption, not twelve categories.",NOT_RETRIEVED_IN_STEP2I_AUDIT,
BGD,CP04,Bangladesh Bureau of Statistics,BGD_BBS_OFFICIAL_SOURCE_AUDIT,https://nsds.bbs.gov.bd/en/posts/85/Survey%20documentation%20for%20the%20Household%20Income%20and%20Expenditure%20Survey,OFFICIAL_WEB_SOURCE_AUDIT,NO_ADMISSIBLE_SOURCE_FOUND_IN_CURRENT_PROBE,,,,,2022,NOT_CONFIRMED_AS_STRICT_S14,NOT_CONFIRMED_AS_P31DC,survey,UNKNOWN,UNKNOWN,UNKNOWN,NOT_CONFIRMED_EXCLUDED,NOT_CONFIRMED_EXCLUDED,NOT_CONFIRMED,NO_ADMISSIBLE_SOURCE_FOUND_IN_CURRENT_PROBE,Official HIES reference year and concept do not satisfy 2021 national-accounts HFCE gates.,NOT_RETRIEVED_IN_STEP2I_AUDIT,
BGD,CP06,Bangladesh Bureau of Statistics,BGD_BBS_OFFICIAL_SOURCE_AUDIT,https://nsds.bbs.gov.bd/en/posts/85/Survey%20documentation%20for%20the%20Household%20Income%20and%20Expenditure%20Survey,OFFICIAL_WEB_SOURCE_AUDIT,NO_ADMISSIBLE_SOURCE_FOUND_IN_CURRENT_PROBE,,,,,2022,NOT_CONFIRMED_AS_STRICT_S14,NOT_CONFIRMED_AS_P31DC,survey,UNKNOWN,UNKNOWN,UNKNOWN,NOT_CONFIRMED_EXCLUDED,NOT_CONFIRMED_EXCLUDED,NOT_CONFIRMED,NO_ADMISSIBLE_SOURCE_FOUND_IN_CURRENT_PROBE,Official HIES reference year and concept do not satisfy 2021 national-accounts HFCE gates.,NOT_RETRIEVED_IN_STEP2I_AUDIT,
BGD,CP09,Bangladesh Bureau of Statistics,BGD_BBS_OFFICIAL_SOURCE_AUDIT,https://nsds.bbs.gov.bd/en/posts/85/Survey%20documentation%20for%20the%20Household%20Income%20and%20Expenditure%20Survey,OFFICIAL_WEB_SOURCE_AUDIT,NO_ADMISSIBLE_SOURCE_FOUND_IN_CURRENT_PROBE,,,,,2022,NOT_CONFIRMED_AS_STRICT_S14,NOT_CONFIRMED_AS_P31DC,survey,UNKNOWN,UNKNOWN,UNKNOWN,NOT_CONFIRMED_EXCLUDED,NOT_CONFIRMED_EXCLUDED,NOT_CONFIRMED,NO_ADMISSIBLE_SOURCE_FOUND_IN_CURRENT_PROBE,Official HIES reference year and concept do not satisfy 2021 national-accounts HFCE gates.,NOT_RETRIEVED_IN_STEP2I_AUDIT,
BGD,CP10,Bangladesh Bureau of Statistics,BGD_BBS_OFFICIAL_SOURCE_AUDIT,https://nsds.bbs.gov.bd/en/posts/85/Survey%20documentation%20for%20the%20Household%20Income%20and%20Expenditure%20Survey,OFFICIAL_WEB_SOURCE_AUDIT,NO_ADMISSIBLE_SOURCE_FOUND_IN_CURRENT_PROBE,,,,,2022,NOT_CONFIRMED_AS_STRICT_S14,NOT_CONFIRMED_AS_P31DC,survey,UNKNOWN,UNKNOWN,UNKNOWN,NOT_CONFIRMED_EXCLUDED,NOT_CONFIRMED_EXCLUDED,NOT_CONFIRMED,NO_ADMISSIBLE_SOURCE_FOUND_IN_CURRENT_PROBE,Official HIES reference year and concept do not satisfy 2021 national-accounts HFCE gates.,NOT_RETRIEVED_IN_STEP2I_AUDIT,
BGD,CP12,Bangladesh Bureau of Statistics,BGD_BBS_OFFICIAL_SOURCE_AUDIT,https://nsds.bbs.gov.bd/en/posts/85/Survey%20documentation%20for%20the%20Household%20Income%20and%20Expenditure%20Survey,OFFICIAL_WEB_SOURCE_AUDIT,NO_ADMISSIBLE_SOURCE_FOUND_IN_CURRENT_PROBE,,,,,2022,NOT_CONFIRMED_AS_STRICT_S14,NOT_CONFIRMED_AS_P31DC,survey,UNKNOWN,UNKNOWN,UNKNOWN,NOT_CONFIRMED_EXCLUDED,NOT_CONFIRMED_EXCLUDED,NOT_CONFIRMED,NO_ADMISSIBLE_SOURCE_FOUND_IN_CURRENT_PROBE,Official HIES reference year and concept do not satisfy 2021 national-accounts HFCE gates.,NOT_RETRIEVED_IN_STEP2I_AUDIT,
VNM,CP04,National Statistics Office of Viet Nam,VNM_NSO_OFFICIAL_SOURCE_AUDIT,https://www.nso.gov.vn/en/default/2024/04/results-of-the-viet-nam-household-living-standards-survey-2022/,OFFICIAL_WEB_SOURCE_AUDIT,NO_ADMISSIBLE_SOURCE_FOUND_IN_CURRENT_PROBE,,,,,2022,NOT_CONFIRMED_AS_STRICT_S14,NOT_CONFIRMED_AS_P31DC,survey,UNKNOWN,UNKNOWN,UNKNOWN,NOT_CONFIRMED_EXCLUDED,NOT_CONFIRMED_EXCLUDED,NOT_CONFIRMED,NO_ADMISSIBLE_SOURCE_FOUND_IN_CURRENT_PROBE,"Official VHLSS is 2022 survey evidence only, not exact 2021 S14/P31 HFCE.",NOT_RETRIEVED_IN_STEP2I_AUDIT,
VNM,CP06,National Statistics Office of Viet Nam,VNM_NSO_OFFICIAL_SOURCE_AUDIT,https://www.nso.gov.vn/en/default/2024/04/results-of-the-viet-nam-household-living-standards-survey-2022/,OFFICIAL_WEB_SOURCE_AUDIT,NO_ADMISSIBLE_SOURCE_FOUND_IN_CURRENT_PROBE,,,,,2022,NOT_CONFIRMED_AS_STRICT_S14,NOT_CONFIRMED_AS_P31DC,survey,UNKNOWN,UNKNOWN,UNKNOWN,NOT_CONFIRMED_EXCLUDED,NOT_CONFIRMED_EXCLUDED,NOT_CONFIRMED,NO_ADMISSIBLE_SOURCE_FOUND_IN_CURRENT_PROBE,"Official VHLSS is 2022 survey evidence only, not exact 2021 S14/P31 HFCE.",NOT_RETRIEVED_IN_STEP2I_AUDIT,
VNM,CP09,National Statistics Office of Viet Nam,VNM_NSO_OFFICIAL_SOURCE_AUDIT,https://www.nso.gov.vn/en/default/2024/04/results-of-the-viet-nam-household-living-standards-survey-2022/,OFFICIAL_WEB_SOURCE_AUDIT,NO_ADMISSIBLE_SOURCE_FOUND_IN_CURRENT_PROBE,,,,,2022,NOT_CONFIRMED_AS_STRICT_S14,NOT_CONFIRMED_AS_P31DC,survey,UNKNOWN,UNKNOWN,UNKNOWN,NOT_CONFIRMED_EXCLUDED,NOT_CONFIRMED_EXCLUDED,NOT_CONFIRMED,NO_ADMISSIBLE_SOURCE_FOUND_IN_CURRENT_PROBE,"Official VHLSS is 2022 survey evidence only, not exact 2021 S14/P31 HFCE.",NOT_RETRIEVED_IN_STEP2I_AUDIT,
VNM,CP10,National Statistics Office of Viet Nam,VNM_NSO_OFFICIAL_SOURCE_AUDIT,https://www.nso.gov.vn/en/default/2024/04/results-of-the-viet-nam-household-living-standards-survey-2022/,OFFICIAL_WEB_SOURCE_AUDIT,NO_ADMISSIBLE_SOURCE_FOUND_IN_CURRENT_PROBE,,,,,2022,NOT_CONFIRMED_AS_STRICT_S14,NOT_CONFIRMED_AS_P31DC,survey,UNKNOWN,UNKNOWN,UNKNOWN,NOT_CONFIRMED_EXCLUDED,NOT_CONFIRMED_EXCLUDED,NOT_CONFIRMED,NO_ADMISSIBLE_SOURCE_FOUND_IN_CURRENT_PROBE,"Official VHLSS is 2022 survey evidence only, not exact 2021 S14/P31 HFCE.",NOT_RETRIEVED_IN_STEP2I_AUDIT,
VNM,CP12,National Statistics Office of Viet Nam,VNM_NSO_OFFICIAL_SOURCE_AUDIT,https://www.nso.gov.vn/en/default/2024/04/results-of-the-viet-nam-household-living-standards-survey-2022/,OFFICIAL_WEB_SOURCE_AUDIT,NO_ADMISSIBLE_SOURCE_FOUND_IN_CURRENT_PROBE,,,,,2022,NOT_CONFIRMED_AS_STRICT_S14,NOT_CONFIRMED_AS_P31DC,survey,UNKNOWN,UNKNOWN,UNKNOWN,NOT_CONFIRMED_EXCLUDED,NOT_CONFIRMED_EXCLUDED,NOT_CONFIRMED,NO_ADMISSIBLE_SOURCE_FOUND_IN_CURRENT_PROBE,"Official VHLSS is 2022 survey evidence only, not exact 2021 S14/P31 HFCE.",NOT_RETRIEVED_IN_STEP2I_AUDIT,
