access_method,acquisition_freshness,attempt_count,attempt_errors,blocking_reason,bytes,category_coverage,classification,confidence,content_type,currency,current_prices_available,dataset_evidence_status,decision_is_provisional,economy_code,economy_name,evidence_role,expected_content_types,failure_receipt,family_order,final_url,government_excluded,homepage_rejected_as_dataset,http_status,imputed_rent_included,institutional_sector,integration_cost,local_file,machine_readable,marker_status,methodological_candidate_class,methodological_state,missing_markers,national_accounts_or_survey,notes,npish_excluded,reference_period,required_markers,resource_type,retrieval_status,retrieved_at,runtime_blocking_reason,runtime_candidate_class,runtime_methodological_state,signature_reason,signature_status,source_authority,source_family,source_hash,source_id,source_title,source_url,transaction_code,unit
HTML_DISCOVERY,,4,attempt=1:URLError:<urlopen error [SSL: CERTIFICATE_VERIFY_FAILED] certificate verify failed: self-signed certificate (_ssl.c:1016)>|attempt=2:URLError:<urlopen error [SSL: CERTIFICATE_VERIFY_FAILED] certificate verify failed: self-signed certificate (_ssl.c:1016)>|attempt=3:URLError:<urlopen error [SSL: CERTIFICATE_VERIFY_FAILED] certificate verify failed: self-signed certificate (_ssl.c:1016)>|attempt=4:URLError:<urlopen error [SSL: CERTIFICATE_VERIFY_FAILED] certificate verify failed: self-signed certificate (_ssl.c:1016)>,Homepage does not count as a dataset and no pinned national-accounts query is configured.,,MULTIPLE,MULTIPLE,LOW,,BDT,mixed,NOT_ACQUIRED,true,BGD,Bangladesh,DISCOVERY_ONLY,text/html,raw/source_probe/BGD/BGD_BBS_PORTAL/failure_receipt.json,3,,unknown,true,,unknown,MULTIPLE,HIGH,,partly,NOT_RUN,D_UNAVAILABLE,NO_ADMISSIBLE_SOURCE_FOUND_IN_CURRENT_PROBE,,OFFICIAL_STATISTICAL_PORTAL,Recorded as a rejected homepage attempt.,unknown,MULTIPLE,,LANDING_PAGE,ACCESS_BLOCKED,2026-06-29T13:40:58Z,SOURCE_ACQUISITION_FAILED:AcquisitionError,D_UNAVAILABLE,ACCESS_BLOCKED,,NOT_RUN,Bangladesh Bureau of Statistics,official_statistical_database,,BGD_BBS_PORTAL,Bangladesh Bureau of Statistics data portal,https://bbs.portal.gov.bd/,MULTIPLE,multiple
HTML_SURVEY_DOCUMENTATION,,4,attempt=1:URLError:<urlopen error timed out>|attempt=2:URLError:<urlopen error timed out>|attempt=3:URLError:<urlopen error timed out>|attempt=4:URLError:<urlopen error timed out>,"Reference year is 2022 and the source is a household survey, so calendar-2021 S14/P31 values would require temporal and conceptual allocation.",,DETAILED_SURVEY,HIES_GROUPS,HIGH,,BDT,true,NOT_ACQUIRED,true,BGD,Bangladesh,DISCOVERY_ONLY,text/html,raw/source_probe/BGD/BGD_BBS_HIES_2022/failure_receipt.json,6,,yes,false,,uncertain,HOUSEHOLDS_SURVEY,HIGH,,partly,NOT_RUN,C_ONLY,OFFICIAL_EXPERIMENTAL_ALLOCATION,,HOUSEHOLD_SURVEY,Official HIES source suitable only for an experimental universe.,yes,2022,household income and expenditure survey|survey documentation,PUBLICATION_PAGE,ACCESS_BLOCKED,2026-06-29T13:48:55Z,SOURCE_ACQUISITION_FAILED:AcquisitionError,D_UNAVAILABLE,ACCESS_BLOCKED,,NOT_RUN,Bangladesh Bureau of Statistics,survey_or_cpi_class_c_only,,BGD_BBS_HIES_2022,Household Income and Expenditure Survey 2022 documentation,https://nsds.bbs.gov.bd/en/posts/85/Survey%20documentation%20for%20the%20Household%20Income%20and%20Expenditure%20Survey,NOT_SNA_P31,SURVEY_MICRODATA
HTML_DISCOVERY,fresh,1,,SIDRA table catalogue is not a pinned API/table query and no exact COICOP household-purpose table is identified.,50074,UNKNOWN,SIDRA_TABLES,HIGH,text/html; charset=utf-8,BRL,unknown,DISCOVERY_ONLY,true,BRA,Brazil,DISCOVERY_ONLY,text/html,,3,https://sidra.ibge.gov.br/pesquisa/cnt/tabelas,unknown,true,200,unknown,HOUSEHOLDS,HIGH,raw/source_probe/BRA/BRA_IBGE_SIDRA_NATIONAL_ACCOUNTS/source.html,partly,PASS,D_UNAVAILABLE,NO_ADMISSIBLE_SOURCE_FOUND_IN_CURRENT_PROBE,,NATIONAL_ACCOUNTS_DATABASE,Official database discovery page.,unknown,2021,contas nacionais trimestrais|tabelas,LANDING_PAGE,ACQUIRED_DISCOVERY_EVIDENCE,2026-06-29T13:40:43Z,LANDING_PAGE_IS_DISCOVERY_EVIDENCE_NOT_A_DATASET,D_UNAVAILABLE,NO_ADMISSIBLE_SOURCE_FOUND_IN_CURRENT_PROBE,,PASS,Instituto Brasileiro de Geografia e Estatística,official_statistical_database,370363ce118cc4b4c563196665fd2e5e329c5751e820eddad103973aa80a410c,BRA_IBGE_SIDRA_NATIONAL_ACCOUNTS,SIDRA System of National Accounts tables,https://sidra.ibge.gov.br/pesquisa/cnt/tabelas,MULTIPLE,unknown
HTML_DATASET_PAGE,fresh,2,attempt=1:URLError:<urlopen error timed out>,Published input-output matrix is product-based and reference year 2010; it cannot create exact 2021 COICOP weights without allocation.,64548,PRODUCT_LEVEL,PRODUCT_CLASSIFICATION,HIGH,text/html; charset=utf-8,BRL,true,DISCOVERY_ONLY,true,BRA,Brazil,DISCOVERY_ONLY,text/html,,4,https://www.ibge.gov.br/en/statistics/economic/national-accounts/16940-input-output-matrix.html,yes,false,200,unknown,HOUSEHOLD_FINAL_DEMAND_BY_PRODUCT,HIGH,raw/source_probe/BRA/BRA_IBGE_INPUT_OUTPUT_MATRIX/source.html,partly,PASS,C_ONLY,OFFICIAL_EXPERIMENTAL_ALLOCATION,,INPUT_OUTPUT_MATRIX,Official supply-use/input-output family evidence.,yes,2010,input output matrix|final demand,PUBLICATION_PAGE,ACQUIRED_DISCOVERY_EVIDENCE,2026-06-29T13:43:06Z,SOURCE_IS_DOCUMENTATION_OR_DISCOVERY_EVIDENCE_ONLY,D_UNAVAILABLE,NO_ADMISSIBLE_SOURCE_FOUND_IN_CURRENT_PROBE,,PASS,Instituto Brasileiro de Geografia e Estatística,official_supply_and_use_tables,1a1631f932619ffa629b90085ebd61514a0b55abc8dd4e86eeb6f7f76ba87279,BRA_IBGE_INPUT_OUTPUT_MATRIX,Brazil input-output matrix,https://www.ibge.gov.br/en/statistics/economic/national-accounts/16940-input-output-matrix.html,FINAL_DEMAND,OFFICIAL_IO_TABLES
HTML_DATASET_PAGE,fresh,4,attempt=1:URLError:<urlopen error timed out>|attempt=2:URLError:<urlopen error timed out>|attempt=3:URLError:<urlopen error timed out>,Resource-use and product tables are not an exact COICOP household-purpose dataset; many-to-many allocation would be experimental.,132870,PRODUCT_LEVEL_NOT_COICOP,SCN_PRODUCTS,MEDIUM,text/html; charset=utf-8,BRL,true,DISCOVERY_ONLY,true,BRA,Brazil,DISCOVERY_ONLY,text/html,,5,https://www.ibge.gov.br/estatisticas/economicas/comercio/9052-sistema-de-contas-nacionais-brasil.html,yes,false,200,yes,HOUSEHOLDS,HIGH,raw/source_probe/BRA/BRA_IBGE_SNA_RESOURCE_USE_TABLES/source.html,partly,PASS,C_ONLY,OFFICIAL_EXPERIMENTAL_ALLOCATION,,NATIONAL_ACCOUNTS,Official SNA publication family.,yes,2021,sistema de contas nacionais|tabela de recursos e usos,PUBLICATION_PAGE,ACQUIRED_DISCOVERY_EVIDENCE,2026-06-29T13:47:03Z,SOURCE_IS_DOCUMENTATION_OR_DISCOVERY_EVIDENCE_ONLY,D_UNAVAILABLE,NO_ADMISSIBLE_SOURCE_FOUND_IN_CURRENT_PROBE,,PASS,Instituto Brasileiro de Geografia e Estatística,official_structured_publications,09c6a8b3c042f4f1158a7891fefa5f2017a8f2effa454b3edf1a8941527905b4,BRA_IBGE_SNA_RESOURCE_USE_TABLES,System of National Accounts Brazil resource and use tables,https://www.ibge.gov.br/estatisticas/economicas/comercio/9052-sistema-de-contas-nacionais-brasil.html,FINAL_CONSUMPTION_BY_PRODUCT,OFFICIAL_SNA_TABLES
HTML_DOWNLOAD,fresh,1,,Survey rather than national-accounts S14/P31; food is combined with tobacco and alcohol and education with culture and recreation.,153205,8_GROUPS,EIGHT_GROUP_SURVEY_CLASSIFICATION,HIGH,text/html,CNY,true,DISCOVERY_ONLY,true,CHN,China,CLASS_C_DATASET,text/html,,6,https://www.stats.gov.cn/english/PressRelease/202201/t20220118_1826649.html,outside_survey_concept,false,200,not_proven_equivalent_to_sna,HOUSEHOLD_SURVEY_RESPONDENTS,LOW,raw/source_probe/CHN/CHN_NBS_2021_HOUSEHOLD_CONSUMPTION/source.html,true,PASS,C_ONLY,NO_ADMISSIBLE_SOURCE_FOUND_IN_CURRENT_PROBE,,HOUSEHOLD_SURVEY,Official 2021 survey retained only as Class C evidence.,outside_survey_concept,2021,sampling survey|food tobacco and liquor|education culture and recreation|2021,HTML_TABLE,ACQUIRED_DISCOVERY_EVIDENCE,2026-06-29T13:40:47Z,SOURCE_IS_DOCUMENTATION_OR_DISCOVERY_EVIDENCE_ONLY,D_UNAVAILABLE,NO_ADMISSIBLE_SOURCE_FOUND_IN_CURRENT_PROBE,,PASS,National Bureau of Statistics of China,survey_or_cpi_class_c_only,0caf89164cd8513e51bc8196ea6667d7732cad700e28bba1bd7a9297a291aae1,CHN_NBS_2021_HOUSEHOLD_CONSUMPTION,Households Income and Consumption Expenditure in 2021,https://www.stats.gov.cn/english/PressRelease/202201/t20220118_1826649.html,SURVEY_CONSUMPTION_EXPENDITURE_NOT_P31DC,YUAN_PER_CAPITA
HTML_DOWNLOAD,fresh,1,,Inventory identifies a household-consumption table and 2020 input-output tables but is not an exact 2021 S14-by-purpose dataset.,904,HOUSEHOLD_TABLE_AND_2020_IO_INVENTORY,YEARBOOK_TABLE_INVENTORY,HIGH,text/html,CNY,mixed,INVALID_CONTENT,true,CHN,China,DISCOVERY_INVENTORY,text/html,,5,https://www.stats.gov.cn/sj/ndsj/2022/indexeh.htm,unknown,false,200,unknown,MULTIPLE,LOW,raw/source_probe/CHN/CHN_NBS_YEARBOOK_2022_INDEX/source.htm,true,FAIL,D_UNAVAILABLE,NO_ADMISSIBLE_SOURCE_FOUND_IN_CURRENT_PROBE,3 13 household consumption expenditure|2020 input output table,OFFICIAL_YEARBOOK,Exact yearbook index replaces the generic discovery portal.,unknown,2022,china statistical yearbook 2022|3 13 household consumption expenditure|2020 input output table,PUBLICATION_INDEX,CONTENT_VALIDATION_FAILED,2026-06-29T13:40:49Z,SOURCE_CONTENT_NOT_VALIDATED:3 13 household consumption expenditure|2020 input output table,D_UNAVAILABLE,SOURCE_NOT_MACHINE_READABLE,,PASS,National Bureau of Statistics of China,official_structured_publications,23c0e9b64c38d11bf663a7da8b75f8ac102ad87eb90c788a3936f9d274258686,CHN_NBS_YEARBOOK_2022_INDEX,China Statistical Yearbook 2022 table inventory,https://www.stats.gov.cn/sj/ndsj/2022/indexeh.htm,MULTIPLE,multiple
HTML_DOWNLOAD,fresh,1,,Input-output benchmark is 2020 and product-oriented; an exact 2021 COICOP matrix would require allocation.,8596,PRODUCTS_NOT_PURPOSES,PRODUCT_TABLES,HIGH,text/html,CNY,mixed,DISCOVERY_ONLY,true,CHN,China,CONCEPT_EVIDENCE,text/html,,4,https://www.stats.gov.cn/sj/ndsj/2022/html/sme03.htm,separate_final_use_not_category_gate,false,200,not_confirmed_at_purpose_level,MULTIPLE_FINAL_USE_SECTORS,HIGH,raw/source_probe/CHN/CHN_NBS_YEARBOOK_2022_NATIONAL_ACCOUNTS_BRIEF/source.htm,true,PASS,C_ONLY,OFFICIAL_EXPERIMENTAL_ALLOCATION,,INPUT_OUTPUT_METHODOLOGY,Official structured concept evidence; excluded from exact weights.,not_confirmed_at_purpose_level,2020,2020|input output table|competitive input output,METHODOLOGY_PAGE,ACQUIRED_DISCOVERY_EVIDENCE,2026-06-29T13:40:50Z,SOURCE_IS_DOCUMENTATION_OR_DISCOVERY_EVIDENCE_ONLY,D_UNAVAILABLE,NO_ADMISSIBLE_SOURCE_FOUND_IN_CURRENT_PROBE,,PASS,National Bureau of Statistics of China,official_supply_and_use_tables,49b051faf47bc4c84d6592b265dd4ee6d3c0baef71528fd944f1f7d3a1558b5f,CHN_NBS_YEARBOOK_2022_NATIONAL_ACCOUNTS_BRIEF,China Statistical Yearbook 2022 national accounts brief,https://www.stats.gov.cn/sj/ndsj/2022/html/sme03.htm,INPUT_OUTPUT_FINAL_USE,yearbook_table_unit
HTML_DOWNLOAD,fresh,1,,Official current-price 2021 national-accounts release is aggregate and provides no twelve-purpose household dimension.,158565,AGGREGATE_ONLY,NO_HOUSEHOLD_PURPOSE_DIMENSION,HIGH,text/html,CNY,true,DISCOVERY_ONLY,true,CHN,China,AGGREGATE_DATASET,text/html,,5,https://www.stats.gov.cn/english/PressRelease/202212/t20221227_1891279.html,not_exposed_at_purpose_level,false,200,not_exposed_at_purpose_level,TOTAL_ECONOMY_AGGREGATES,LOW,raw/source_probe/CHN/CHN_NBS_2021_GDP_FINAL_VERIFICATION/source.html,true,PASS,D_UNAVAILABLE,NO_ADMISSIBLE_SOURCE_FOUND_IN_CURRENT_PROBE,,NATIONAL_ACCOUNTS,Official aggregate evidence only.,not_exposed_at_purpose_level,2021,final verification of gdp in 2021|current price|expenditure approach,OFFICIAL_RELEASE,ACQUIRED_DISCOVERY_EVIDENCE,2026-06-29T13:40:54Z,SOURCE_IS_DOCUMENTATION_OR_DISCOVERY_EVIDENCE_ONLY,D_UNAVAILABLE,NO_ADMISSIBLE_SOURCE_FOUND_IN_CURRENT_PROBE,,PASS,National Bureau of Statistics of China,official_structured_publications,09f351e3e5d64619b97cf89ac58460062e6147a800c511ba31bbdd0a1bc146e7,CHN_NBS_2021_GDP_FINAL_VERIFICATION,Final Verification of GDP in 2021,https://www.stats.gov.cn/english/PressRelease/202212/t20221227_1891279.html,GDP_EXPENDITURE_APPROACH_AGGREGATE,100_MILLION_YUAN
PDF_DOWNLOAD,fresh,1,,Official PDF is preserved and hashed but not parsed or treated as a dataset.,423030,CONCEPT_ONLY,METHODOLOGY_DOCUMENTATION,MEDIUM,application/pdf,NOT_APPLICABLE,mixed,DOCUMENTATION_ONLY,true,CHN,China,DOCUMENTATION,application/pdf,,5,https://www.stats.gov.cn/sj/ndsj/2022/html/zbe03.pdf,documentary,false,200,documentary,MULTIPLE,MEDIUM,raw/source_probe/CHN/CHN_NBS_YEARBOOK_2022_NATIONAL_ACCOUNTS_NOTES/source.pdf,false,NOT_APPLICABLE,D_UNAVAILABLE,SOURCE_NOT_MACHINE_READABLE,,NATIONAL_ACCOUNTS_METHODOLOGY,No OCR.,documentary,METHODOLOGY,,PUBLICATION_FILE,ACQUIRED_DOCUMENTATION_EVIDENCE,2026-06-29T13:41:01Z,Official PDF is preserved and hashed but not parsed or treated as a dataset.,D_UNAVAILABLE,SOURCE_NOT_MACHINE_READABLE,,PASS,National Bureau of Statistics of China,official_structured_publications,8efcbdcb010a534dc9591276ce7533cf527303fa284807276d458a55637559e7,CHN_NBS_YEARBOOK_2022_NATIONAL_ACCOUNTS_NOTES,China Statistical Yearbook national accounts explanatory notes,https://www.stats.gov.cn/sj/ndsj/2022/html/zbe03.pdf,MULTIPLE,NOT_APPLICABLE
PDF_DOWNLOAD,fresh,1,,Official PDF is preserved and hashed but not parsed or treated as a dataset.,282490,CONCEPT_ONLY,SURVEY_METHODOLOGY_DOCUMENTATION,MEDIUM,application/pdf,NOT_APPLICABLE,mixed,DOCUMENTATION_ONLY,true,CHN,China,DOCUMENTATION,application/pdf,,5,https://www.stats.gov.cn/sj/ndsj/2022/html/zbe06.pdf,outside_survey_concept,false,200,survey_specific,HOUSEHOLD_SURVEY_RESPONDENTS,MEDIUM,raw/source_probe/CHN/CHN_NBS_YEARBOOK_2022_HOUSEHOLD_SURVEY_NOTES/source.pdf,false,NOT_APPLICABLE,D_UNAVAILABLE,SOURCE_NOT_MACHINE_READABLE,,HOUSEHOLD_SURVEY_METHODOLOGY,No OCR.,outside_survey_concept,METHODOLOGY,,PUBLICATION_FILE,ACQUIRED_DOCUMENTATION_EVIDENCE,2026-06-29T13:41:05Z,Official PDF is preserved and hashed but not parsed or treated as a dataset.,D_UNAVAILABLE,SOURCE_NOT_MACHINE_READABLE,,PASS,National Bureau of Statistics of China,official_structured_publications,45b42e98169c3367ec2a647b4603ac99865278153803c80f874617679a92d446,CHN_NBS_YEARBOOK_2022_HOUSEHOLD_SURVEY_NOTES,China Statistical Yearbook household survey explanatory notes,https://www.stats.gov.cn/sj/ndsj/2022/html/zbe06.pdf,SURVEY_CONSUMPTION_EXPENDITURE,NOT_APPLICABLE
HTML_DISCOVERY,,4,"attempt=1:URLError:<urlopen error [SSL: CERTIFICATE_VERIFY_FAILED] certificate verify failed: Hostname mismatch, certificate is not valid for 'www.censusinfo.capmas.gov.eg'. (_ssl.c:1016)>|attempt=2:URLError:<urlopen error [SSL: CERTIFICATE_VERIFY_FAILED] certificate verify failed: Hostname mismatch, certificate is not valid for 'www.censusinfo.capmas.gov.eg'. (_ssl.c:1016)>|attempt=3:URLError:<urlopen error [SSL: CERTIFICATE_VERIFY_FAILED] certificate verify failed: Hostname mismatch, certificate is not valid for 'www.censusinfo.capmas.gov.eg'. (_ssl.c:1016)>|attempt=4:URLError:<urlopen error [SSL: CERTIFICATE_VERIFY_FAILED] certificate verify failed: Hostname mismatch, certificate is not valid for 'www.censusinfo.capmas.gov.eg'. (_ssl.c:1016)>","Catalogue is a discovery interface, not a pinned 2021 dataset.",,MULTIPLE,MULTIPLE,MEDIUM,,EGP,mixed,NOT_ACQUIRED,true,EGY,Egypt,DISCOVERY_ONLY,text/html,raw/source_probe/EGY/EGY_CAPMAS_CENTRAL_DATA_CATALOG/failure_receipt.json,3,,unknown,true,,unknown,MULTIPLE,MEDIUM,,partly,NOT_RUN,D_UNAVAILABLE,NO_ADMISSIBLE_SOURCE_FOUND_IN_CURRENT_PROBE,,OFFICIAL_DATA_CATALOG,Official CAPMAS data catalogue.,unknown,MULTIPLE,national accounts,LANDING_PAGE,ACCESS_BLOCKED,2026-06-29T13:41:16Z,SOURCE_ACQUISITION_FAILED:AcquisitionError,D_UNAVAILABLE,ACCESS_BLOCKED,,NOT_RUN,Central Agency for Public Mobilization and Statistics,official_statistical_database,,EGY_CAPMAS_CENTRAL_DATA_CATALOG,CAPMAS Central Data Catalog,https://www.censusinfo.capmas.gov.eg/Metadata-en-v4.2/index.php/catalog/?sort_by=titl&sort_order=desc,MULTIPLE,multiple
PDF_DOCUMENTATION,fresh,1,,"Methodology confirms household, NPISH and government are separated, but the source is the wrong year and does not provide a machine-readable 2021 twelve-division table.",344368,PRODUCT_LEVEL,CPC_TO_COICOP_LINK,HIGH,application/pdf,EGP,true,DOCUMENTATION_ONLY,true,EGY,Egypt,DOCUMENTATION,application/pdf,,4,https://censusinfo.capmas.gov.eg/Metadata-en-v4.2/index.php/catalog/518/download/1195,yes,false,200,unknown,HOUSEHOLDS_SEPARATE,HIGH,raw/source_probe/EGY/EGY_CAPMAS_SUT_2017_2018_METHOD/source.pdf,false,NOT_APPLICABLE,D_UNAVAILABLE,CONCEPT_AMBIGUOUS,,SUPPLY_AND_USE_TABLES,Official SUT methodology evidence; no OCR.,yes,2017-18,,PUBLICATION_FILE,ACQUIRED_DOCUMENTATION_EVIDENCE,2026-06-29T13:41:07Z,"Methodology confirms household, NPISH and government are separated, but the source is the wrong year and does not provide a machine-readable 2021 twelve-division table.",D_UNAVAILABLE,CONCEPT_AMBIGUOUS,,PASS,Central Agency for Public Mobilization and Statistics,official_supply_and_use_tables,a33f35f6d22f65e5d8d6f330ad889233cb6913fafda17c0c5d348678b0c644d7,EGY_CAPMAS_SUT_2017_2018_METHOD,Supply and Use Tables 2017/2018 methodology,https://censusinfo.capmas.gov.eg/Metadata-en-v4.2/index.php/catalog/518/download/1195,HFCE_BY_PRODUCT,OFFICIAL_SUT
HTML_MICRODATA_CATALOGUE,,4,"attempt=1:URLError:<urlopen error [SSL: CERTIFICATE_VERIFY_FAILED] certificate verify failed: Hostname mismatch, certificate is not valid for 'www.censusinfo.capmas.gov.eg'. (_ssl.c:1016)>|attempt=2:URLError:<urlopen error [SSL: CERTIFICATE_VERIFY_FAILED] certificate verify failed: Hostname mismatch, certificate is not valid for 'www.censusinfo.capmas.gov.eg'. (_ssl.c:1016)>|attempt=3:URLError:<urlopen error [SSL: CERTIFICATE_VERIFY_FAILED] certificate verify failed: Hostname mismatch, certificate is not valid for 'www.censusinfo.capmas.gov.eg'. (_ssl.c:1016)>|attempt=4:URLError:<urlopen error [SSL: CERTIFICATE_VERIFY_FAILED] certificate verify failed: Hostname mismatch, certificate is not valid for 'www.censusinfo.capmas.gov.eg'. (_ssl.c:1016)>",HIECS is a household survey rather than national-accounts S14/P31; catalogue page does not itself contain the machine-readable values.,,DETAILED_SURVEY,HIECS_COMMODITY_GROUPS,HIGH,,EGP,true,NOT_ACQUIRED,true,EGY,Egypt,DISCOVERY_ONLY,text/html,raw/source_probe/EGY/EGY_CAPMAS_HIECS_2021/failure_receipt.json,6,,yes,false,,uncertain,HOUSEHOLDS_SURVEY,HIGH,,partly,NOT_RUN,C_ONLY,OFFICIAL_EXPERIMENTAL_ALLOCATION,,HOUSEHOLD_SURVEY,Official survey family only.,yes,2021,survey of income expenditure and consumption|2021,PUBLICATION_PAGE,ACCESS_BLOCKED,2026-06-29T13:41:21Z,SOURCE_ACQUISITION_FAILED:AcquisitionError,D_UNAVAILABLE,ACCESS_BLOCKED,,NOT_RUN,Central Agency for Public Mobilization and Statistics,survey_or_cpi_class_c_only,,EGY_CAPMAS_HIECS_2021,"Household Income, Expenditure and Consumption Survey catalogue entry",https://www.censusinfo.capmas.gov.eg/metadata-en-v4.2/index.php/catalog/747/overview,NOT_SNA_P31,SURVEY_MICRODATA
HTML_DISCOVERY,,4,attempt=1:HTTPError:HTTP Error 403: Forbidden|attempt=2:HTTPError:HTTP Error 403: Forbidden|attempt=3:HTTPError:HTTP Error 403: Forbidden|attempt=4:HTTPError:HTTP Error 403: Forbidden,"Subject page is a discovery interface, not a pinned table query.",,UNKNOWN,UNKNOWN,MEDIUM,,IDR,unknown,NOT_ACQUIRED,true,IDN,Indonesia,DISCOVERY_ONLY,text/html,raw/source_probe/IDN/IDN_BPS_STATISTICS_TABLES_EXPENDITURE/failure_receipt.json,3,,unknown,true,403,unknown,UNKNOWN,MEDIUM,,unknown,NOT_RUN,D_UNAVAILABLE,NO_ADMISSIBLE_SOURCE_FOUND_IN_CURRENT_PROBE,,OFFICIAL_STATISTICS_TABLES,Official statistics database family entry point.,unknown,2021,,LANDING_PAGE,ACCESS_BLOCKED,2026-06-29T13:41:28Z,SOURCE_ACQUISITION_FAILED:AcquisitionError,D_UNAVAILABLE,ACCESS_BLOCKED,,NOT_RUN,Badan Pusat Statistik,official_statistical_database,,IDN_BPS_STATISTICS_TABLES_EXPENDITURE,BPS expenditure statistics table catalogue,https://www.bps.go.id/en/statistics-table?subject=531,UNKNOWN,unknown
HTML_DISCOVERY,,4,attempt=1:HTTPError:HTTP Error 403: Forbidden|attempt=2:HTTPError:HTTP Error 403: Forbidden|attempt=3:HTTPError:HTTP Error 403: Forbidden|attempt=4:HTTPError:HTTP Error 403: Forbidden,Homepage search does not constitute a dataset investigation.,,UNKNOWN,UNKNOWN,LOW,,IDR,unknown,NOT_ACQUIRED,true,IDN,Indonesia,DISCOVERY_ONLY,text/html,raw/source_probe/IDN/IDN_BPS_NATIONAL_ACCOUNTS_HOME/failure_receipt.json,4,,unknown,true,403,unknown,UNKNOWN,HIGH,,unknown,NOT_RUN,D_UNAVAILABLE,NO_ADMISSIBLE_SOURCE_FOUND_IN_CURRENT_PROBE,,NATIONAL_ACCOUNTS_AND_SUT_SEARCH,Recorded only as an explicit rejected homepage attempt.,unknown,2021,bps statistics indonesia,LANDING_PAGE,ACCESS_BLOCKED,2026-06-29T13:41:33Z,SOURCE_ACQUISITION_FAILED:AcquisitionError,D_UNAVAILABLE,ACCESS_BLOCKED,,NOT_RUN,Badan Pusat Statistik,official_supply_and_use_tables,,IDN_BPS_NATIONAL_ACCOUNTS_HOME,BPS national accounts and supply-use discovery portal,https://www.bps.go.id/en,UNKNOWN,unknown
HTML_PUBLICATION_PAGE,,4,attempt=1:HTTPError:HTTP Error 403: Forbidden|attempt=2:HTTPError:HTTP Error 403: Forbidden|attempt=3:HTTPError:HTTP Error 403: Forbidden|attempt=4:HTTPError:HTTP Error 403: Forbidden,BPS publication uses seven expenditure groups and the page is not the downloadable table itself.,,7_GROUPS,COICOP_REGROUPED,HIGH,,IDR,true,NOT_ACQUIRED,true,IDN,Indonesia,DISCOVERY_ONLY,text/html,raw/source_probe/IDN/IDN_BPS_GDP_EXPENDITURE_2020_2024/failure_receipt.json,5,,yes,false,403,yes,HOUSEHOLDS,MEDIUM,,partly,NOT_RUN,C_ONLY,OFFICIAL_EXPERIMENTAL_ALLOCATION,,NATIONAL_ACCOUNTS,Official national-accounts publication page; grouped source cannot produce exact twelve categories.,yes,2021,gross domestic product of indonesia by expenditure|seven expenditure components,PUBLICATION_PAGE,ACCESS_BLOCKED,2026-06-29T13:41:41Z,SOURCE_ACQUISITION_FAILED:AcquisitionError,D_UNAVAILABLE,ACCESS_BLOCKED,,NOT_RUN,Badan Pusat Statistik,official_structured_publications,,IDN_BPS_GDP_EXPENDITURE_2020_2024,Gross Domestic Product of Indonesia by Expenditure 2020-2024,https://www.bps.go.id/en/publication/2025/05/28/2a1c585ebbd574dd91afed67/gross-domestic-product-of-indonesia-by-expenditure--2020-2024.html,HFCE,OFFICIAL_PUBLICATION
XLSX_DOWNLOAD,fresh,1,,Official methodology confirms that PFCE combines resident households and NPISH and that the components are not available separately. Fiscal 2021-22 also differs from calendar 2021.,77568,DETAILED_ITEMS,ITEM_CLASSIFICATION,HIGH,application/vnd.openxmlformats-officedocument.spreadsheetml.sheet,INR,true,QUALIFYING_DATASET,true,IND,India,DATASET,application/vnd.openxmlformats-officedocument.spreadsheetml.sheet,,2,https://www.mospi.gov.in/sites/default/files/reports_and_publication/statistical_publication/National_Accounts/NAS2024/5.1.xlsx,yes,false,200,yes,S14_S15_COMBINED,HIGH,raw/source_probe/IND/IND_MOSPI_NAS2024_STATEMENT_5_1/source.xlsx,true,PASS,D_UNAVAILABLE,NO_ADMISSIBLE_SOURCE_FOUND_IN_CURRENT_PROBE,,NATIONAL_ACCOUNTS,"Official current-price item table. Machine-readable and category-rich, but rejected from the strict exact matrix by confirmed sector and time gates.",false,2021-22,private final consumption expenditure classified by item|2021 22,DATA_FILE,ACQUIRED_DATASET,2026-06-29T13:41:35Z,Official methodology confirms that PFCE combines resident households and NPISH and that the components are not available separately. Fiscal 2021-22 also differs from calendar 2021.,D_UNAVAILABLE,NO_ADMISSIBLE_SOURCE_FOUND_IN_CURRENT_PROBE,,PASS,Ministry of Statistics and Programme Implementation,official_csv_xls_xlsx,651c981f4d65697a3c03750ae3a62e21f197d039b4fc68061b334ecdb84eb729,IND_MOSPI_NAS2024_STATEMENT_5_1,"National Accounts Statistics 2024, Statement 5.1 PFCE by object",https://www.mospi.gov.in/sites/default/files/reports_and_publication/statistical_publication/National_Accounts/NAS2024/5.1.xlsx,PFCE,CRORE
HTML_DISCOVERY,,4,attempt=1:URLError:<urlopen error [SSL: CERTIFICATE_VERIFY_FAILED] certificate verify failed: self-signed certificate in certificate chain (_ssl.c:1016)>|attempt=2:URLError:<urlopen error [SSL: CERTIFICATE_VERIFY_FAILED] certificate verify failed: self-signed certificate in certificate chain (_ssl.c:1016)>|attempt=3:URLError:<urlopen error [SSL: CERTIFICATE_VERIFY_FAILED] certificate verify failed: self-signed certificate in certificate chain (_ssl.c:1016)>|attempt=4:URLError:<urlopen error [SSL: CERTIFICATE_VERIFY_FAILED] certificate verify failed: self-signed certificate in certificate chain (_ssl.c:1016)>,Portal and methodological text are not an exact dataset query.,,UNKNOWN,PORTAL,MEDIUM,,INR,unknown,NOT_ACQUIRED,true,IND,India,DISCOVERY_ONLY,text/html,raw/source_probe/IND/IND_NSC_NATIONAL_ACCOUNTS_PORTAL/failure_receipt.json,3,,yes,true,,unknown,PFCE_AND_NPISH_DISCUSSION,MEDIUM,,partly,NOT_RUN,D_UNAVAILABLE,CONCEPT_AMBIGUOUS,,NATIONAL_ACCOUNTS_PORTAL,Official portal evidence; exact source query remains separate.,ambiguous,2021-22,national accounts statistics|non profit institutions serving households,LANDING_PAGE,ACCESS_BLOCKED,2026-06-29T13:41:51Z,SOURCE_ACQUISITION_FAILED:AcquisitionError,D_UNAVAILABLE,ACCESS_BLOCKED,,NOT_RUN,National Statistical Commission / MoSPI,official_statistical_database,,IND_NSC_NATIONAL_ACCOUNTS_PORTAL,National Accounts Statistics portal,https://nsc.mospi.gov.in/national-accounts-statistics-0,PFCE,unknown
PDF_DOWNLOAD,fresh,1,,Official methodology confirms that PFCE combines resident households and NPISH and that the components are not available separately; it therefore rejects strict S14 exact use.,270951,CONCEPT_ONLY,MOSPI_PFCE_METHOD,HIGH,application/pdf,NOT_APPLICABLE,mixed,DOCUMENTATION_ONLY,true,IND,India,DOCUMENTATION,application/pdf,,5,https://mospi.gov.in/sites/default/files/reports_and_publication/statistical_manual/Chapter%2022.pdf,true,false,200,true,S14_S15_COMBINED,LOW,raw/source_probe/IND/IND_MOSPI_PFCE_CHAPTER_22/source.pdf,false,NOT_APPLICABLE,D_UNAVAILABLE,NO_ADMISSIBLE_SOURCE_FOUND_IN_CURRENT_PROBE,,NATIONAL_ACCOUNTS_METHODOLOGY,Documentary concept evidence only. The PDF is preserved and hashed but is not treated as a dataset.,false,METHODOLOGY,,PUBLICATION_FILE,ACQUIRED_DOCUMENTATION_EVIDENCE,2026-06-29T13:41:43Z,Official methodology confirms that PFCE combines resident households and NPISH and that the components are not available separately; it therefore rejects strict S14 exact use.,D_UNAVAILABLE,NO_ADMISSIBLE_SOURCE_FOUND_IN_CURRENT_PROBE,,PASS,Ministry of Statistics and Programme Implementation,official_structured_publications,8439d936cea6a451ed0f60c964feaf3c3635ec62c398cc952f1e0ec148f6da62,IND_MOSPI_PFCE_CHAPTER_22,Chapter 22: Private Final Consumption Expenditure,https://mospi.gov.in/sites/default/files/reports_and_publication/statistical_manual/Chapter%2022.pdf,P31_PRIVATE_FINAL_CONSUMPTION,NOT_APPLICABLE
PDF_DOCUMENTATION,fresh,1,,Methodological documentation confirms PFCE scope but does not provide a strict S14-only 2021 dataset.,2403812,NOT_DATA,METHODOLOGY,HIGH,application/pdf,INR,unknown,DOCUMENTATION_ONLY,true,IND,India,DOCUMENTATION,application/pdf,,5,https://www.mospi.gov.in/sites/default/files/publication_reports/Adhikari_Committee_PFCE_22may15.pdf,yes,false,200,yes,PFCE_SCOPE,LOW,raw/source_probe/IND/IND_MOSPI_PFCE_COMMITTEE_REPORT/source.pdf,false,NOT_APPLICABLE,D_UNAVAILABLE,NO_ADMISSIBLE_SOURCE_FOUND_IN_CURRENT_PROBE,,NATIONAL_ACCOUNTS_METHODOLOGY,Official methodology evidence for the India gate audit.,ambiguous,METHODOLOGY,,PUBLICATION_FILE,ACQUIRED_DOCUMENTATION_EVIDENCE,2026-06-29T13:41:54Z,Methodological documentation confirms PFCE scope but does not provide a strict S14-only 2021 dataset.,D_UNAVAILABLE,NO_ADMISSIBLE_SOURCE_FOUND_IN_CURRENT_PROBE,,PASS,Ministry of Statistics and Programme Implementation,official_structured_publications,dad6e614ab55197a4812613ab4009995d0a1b1b392ccd22e2353e2dec0f13451,IND_MOSPI_PFCE_COMMITTEE_REPORT,Report on methodology for estimating Private Final Consumption Expenditure,https://www.mospi.gov.in/sites/default/files/publication_reports/Adhikari_Committee_PFCE_22may15.pdf,PFCE,not_applicable
HTML_REPORT_PAGE,stale_cache,5,attempt=1:TimeoutError:The read operation timed out|attempt=2:TimeoutError:The read operation timed out|attempt=3:TimeoutError:The read operation timed out|attempt=4:TimeoutError:The read operation timed out,Report page is discovery evidence and contains only aggregate household consumption.,138883,AGGREGATE_ONLY,EXPENDITURE_APPROACH_GDP,HIGH,,NGN,true,DISCOVERY_ONLY,true,NGA,Nigeria,DISCOVERY_ONLY,text/html,,3,https://www.nigerianstat.gov.ng/elibrary/read/1241168,yes,false,,unknown,HOUSEHOLDS,LOW,raw/source_probe/NGA/NGA_NBS_ELIBRARY_REPORT_PAGE/source.html,partly,PASS,D_UNAVAILABLE,NO_ADMISSIBLE_SOURCE_FOUND_IN_CURRENT_PROBE,,NATIONAL_ACCOUNTS_REPORT_CATALOGUE,Official report catalogue page.,yes,2021,household consumption expenditure|2021,PUBLICATION_PAGE,ACQUIRED_DISCOVERY_EVIDENCE,2026-06-29T13:51:36Z,SOURCE_IS_DOCUMENTATION_OR_DISCOVERY_EVIDENCE_ONLY,D_UNAVAILABLE,NO_ADMISSIBLE_SOURCE_FOUND_IN_CURRENT_PROBE,,PASS,National Bureau of Statistics,official_statistical_database,3157770c626a24ba192c25d1529f5fefd11ca74a37e14074f493f0b2291ec4f6,NGA_NBS_ELIBRARY_REPORT_PAGE,NBS GDP expenditure report catalogue entry,https://www.nigerianstat.gov.ng/elibrary/read/1241168,HFCE_AGGREGATE,OFFICIAL_REPORT_PAGE
PDF_DOWNLOAD,fresh,1,,"Official report separates household, NPISH and government aggregates but contains no twelve-category household table and the probe does not parse PDF.",3065052,AGGREGATE_ONLY,EXPENDITURE_APPROACH_GDP,HIGH,application/pdf,NGN,true,DISCOVERY_ONLY,true,NGA,Nigeria,DISCOVERY_ONLY,application/pdf,,5,https://www.nigerianstat.gov.ng/pdfuploads/Expenditure%20Report%20Revised_Q2%202020%20-Q3%202021%20and%20Provisional%20Q4%202021.pdf,yes,false,200,unknown,HOUSEHOLDS_SEPARATE_FROM_NPISH,MEDIUM,raw/source_probe/NGA/NGA_NBS_GDP_EXPENDITURE_2021_PDF/source.pdf,false,NOT_APPLICABLE,D_UNAVAILABLE,SOURCE_NOT_MACHINE_READABLE,,NATIONAL_ACCOUNTS,Official 2021 expenditure-GDP report; no OCR.,yes,2021,,PUBLICATION_FILE,ACQUIRED_DISCOVERY_EVIDENCE,2026-06-29T13:42:02Z,PUBLICATION_FILE_NOT_MACHINE_PARSED_BY_SOURCE_PROBE,D_UNAVAILABLE,SOURCE_NOT_MACHINE_READABLE,,PASS,National Bureau of Statistics,official_structured_publications,ee31ba8f1ab7dbceabf7a23d4142317b8901a1cdd7ae82cf58c88e314b1fbaed,NGA_NBS_GDP_EXPENDITURE_2021_PDF,"GDP expenditure report, revised Q2 2020 to Q3 2021 and provisional Q4 2021",https://www.nigerianstat.gov.ng/pdfuploads/Expenditure%20Report%20Revised_Q2%202020%20-Q3%202021%20and%20Provisional%20Q4%202021.pdf,HFCE_AGGREGATE,OFFICIAL_REPORT
HTML_REPORT_PAGE,stale_cache,5,attempt=1:TimeoutError:The read operation timed out|attempt=2:TimeoutError:The read operation timed out|attempt=3:TimeoutError:The read operation timed out|attempt=4:TimeoutError:The read operation timed out,Wrong reference year and survey concept; cannot be exact 2021 S14/P31 weights.,137351,SURVEY_GROUPS,FOOD_NONFOOD_AND_SURVEY_GROUPS,HIGH,,NGN,true,QUALIFYING_DATASET,true,NGA,Nigeria,DATASET,text/html,,6,https://www.nigerianstat.gov.ng/elibrary/read/1094,yes,false,,uncertain,HOUSEHOLDS_SURVEY,MEDIUM,raw/source_probe/NGA/NGA_NBS_CONSUMPTION_PATTERN_2019/source.html,true,PASS,C_ONLY,OFFICIAL_EXPERIMENTAL_ALLOCATION,,HOUSEHOLD_SURVEY,Official survey data only.,yes,2019,consumption expenditure pattern in nigeria 2019|household expenditure,HTML_TABLE,ACQUIRED_DATASET,2026-06-29T13:51:37Z,Wrong reference year and survey concept; cannot be exact 2021 S14/P31 weights.,C_ONLY,OFFICIAL_EXPERIMENTAL_ALLOCATION,,PASS,National Bureau of Statistics,survey_or_cpi_class_c_only,60ae5c8db1046ef7d7b62942106c2f872095915af3b660274c0dbc1b9a4a86b2,NGA_NBS_CONSUMPTION_PATTERN_2019,Consumption Expenditure Pattern in Nigeria 2019,https://www.nigerianstat.gov.ng/elibrary/read/1094,NOT_SNA_P31,HOUSEHOLD_EXPENDITURE
XLSX_DOWNLOAD,fresh,1,,Workbook contains aggregate household final consumption but no twelve-category purpose breakdown.,235853,AGGREGATE_ONLY,SNA_AGGREGATES,HIGH,application/vnd.openxmlformats-officedocument.spreadsheetml.sheet,PKR,true,QUALIFYING_DATASET,true,PAK,Pakistan,DATASET,application/vnd.openxmlformats-officedocument.spreadsheetml.sheet,,2,https://www.pbs.gov.pk/wp-content/uploads/2020/07/National-Accounts-Annual-Tables-2024-25-Updated-March-2026.xlsx,yes,false,200,unknown,HOUSEHOLDS,LOW,raw/source_probe/PAK/PAK_PBS_NATIONAL_ACCOUNTS_XLSX/source.xlsx,true,PASS,D_UNAVAILABLE,NO_ADMISSIBLE_SOURCE_FOUND_IN_CURRENT_PROBE,,NATIONAL_ACCOUNTS,"Exact official file acquisition, conceptually insufficient for Armilar categories.",yes,2021-22,household final consumption expenditure|2021 22,DATA_FILE,ACQUIRED_DATASET,2026-06-29T13:43:09Z,Workbook contains aggregate household final consumption but no twelve-category purpose breakdown.,D_UNAVAILABLE,NO_ADMISSIBLE_SOURCE_FOUND_IN_CURRENT_PROBE,,PASS,Pakistan Bureau of Statistics,official_csv_xls_xlsx,dd77cb5858080e06a565cee5521593ccfccf9eebd164e040bba3f2cb10e240ef,PAK_PBS_NATIONAL_ACCOUNTS_XLSX,Pakistan National Accounts Annual Tables 2024-25,https://www.pbs.gov.pk/wp-content/uploads/2020/07/National-Accounts-Annual-Tables-2024-25-Updated-March-2026.xlsx,HFCE_AGGREGATE,MILLION_RUPEES
HTML_DATASET_PAGE,fresh,1,,National accounts landing page has aggregate tables but no confirmed twelve-division strict household table.,395606,AGGREGATE_ONLY,SNA_AGGREGATES,MEDIUM,text/html; charset=UTF-8,PKR,true,INVALID_CONTENT,true,PAK,Pakistan,DISCOVERY_ONLY,text/html,,5,https://www.pbs.gov.pk/national-accounts-2/,unknown,false,200,unknown,HOUSEHOLDS_AND_NPISH_AGGREGATE,MEDIUM,raw/source_probe/PAK/PAK_PBS_NATIONAL_ACCOUNTS_PAGE/source.html,partly,FAIL,D_UNAVAILABLE,NO_ADMISSIBLE_SOURCE_FOUND_IN_CURRENT_PROBE,household final consumption expenditure,NATIONAL_ACCOUNTS,Official publication family.,unknown,2021-22,national accounts|household final consumption expenditure,PUBLICATION_PAGE,CONTENT_VALIDATION_FAILED,2026-06-29T13:43:12Z,SOURCE_CONTENT_NOT_VALIDATED:household final consumption expenditure,D_UNAVAILABLE,SOURCE_NOT_MACHINE_READABLE,,PASS,Pakistan Bureau of Statistics,official_structured_publications,df35d1b5600d29c08146bd10f9fff351895d63a7a93358815fae4102e7f04d27,PAK_PBS_NATIONAL_ACCOUNTS_PAGE,Pakistan national accounts publications page,https://www.pbs.gov.pk/national-accounts-2/,HFCE_AGGREGATE,OFFICIAL_TABLES
HTML_DATASET_PAGE,fresh,1,,Household survey is not 2021 and is not S14/P31; it can only supply experimental expenditure shares.,641310,SURVEY_GROUPS,HIES_COMMODITY_GROUPS,HIGH,text/html; charset=UTF-8,PKR,true,DISCOVERY_ONLY,true,PAK,Pakistan,DISCOVERY_ONLY,text/html,,6,https://www.pbs.gov.pk/hies/,yes,false,200,uncertain,HOUSEHOLDS_SURVEY,MEDIUM,raw/source_probe/PAK/PAK_PBS_HIES_2018_19/source.html,partly,PASS,C_ONLY,OFFICIAL_EXPERIMENTAL_ALLOCATION,,HOUSEHOLD_SURVEY,"Official survey fallback, excluded from exact weights.",yes,2018-19,household integrated economic survey|consumption expenditure,PUBLICATION_PAGE,ACQUIRED_DISCOVERY_EVIDENCE,2026-06-29T13:43:17Z,SOURCE_IS_DOCUMENTATION_OR_DISCOVERY_EVIDENCE_ONLY,D_UNAVAILABLE,NO_ADMISSIBLE_SOURCE_FOUND_IN_CURRENT_PROBE,,PASS,Pakistan Bureau of Statistics,survey_or_cpi_class_c_only,52d7eec05f30d024838363ec74e6ee33fb83d66a04827cbfcbd17791320b141c,PAK_PBS_HIES_2018_19,Household Integrated Economic Survey 2018-19,https://www.pbs.gov.pk/hies/,NOT_SNA_P31,MONTHLY_HOUSEHOLD_EXPENDITURE
HTML_DOWNLOAD,,4,attempt=1:HTTPError:HTTP Error 403: Forbidden|attempt=2:HTTPError:HTTP Error 403: Forbidden|attempt=3:HTTPError:HTTP Error 403: Forbidden|attempt=4:HTTPError:HTTP Error 403: Forbidden,Official current-price household HFCE is aggregate and has no KIPC-DH or COICOP purpose dimension.,,AGGREGATE_ONLY,NO_PURPOSE_DIMENSION,HIGH,,RUB,true,NOT_ACQUIRED,true,RUT,Russian Federation,DATASET_CANDIDATE,text/html,raw/source_probe/RUT/RUT_FEDSTAT_HFCE_31414/failure_receipt.json,3,,true,false,403,unknown_at_category_level,HOUSEHOLDS_S14_AGGREGATE,LOW,,true,NOT_RUN,D_UNAVAILABLE,NO_ADMISSIBLE_SOURCE_FOUND_IN_CURRENT_PROBE,,NATIONAL_ACCOUNTS,"Exact Fedstat indicator, replacing the generic database homepage.",aggregate_household_indicator,2021,||2021,INDICATOR_PAGE,ACCESS_BLOCKED,2026-06-29T13:43:33Z,SOURCE_ACQUISITION_FAILED:AcquisitionError,D_UNAVAILABLE,ACCESS_BLOCKED,,NOT_RUN,Federal State Statistics Service,official_statistical_database,,RUT_FEDSTAT_HFCE_31414,Household final consumption expenditure indicator 31414,https://www.fedstat.ru/indicator/31414,P31DC_AGGREGATE,OFFICIAL_INDICATOR_UNIT
XLSX_DOWNLOAD,,4,attempt=1:URLError:<urlopen error [SSL: CERTIFICATE_VERIFY_FAILED] certificate verify failed: unable to get local issuer certificate (_ssl.c:1016)>|attempt=2:URLError:<urlopen error [SSL: CERTIFICATE_VERIFY_FAILED] certificate verify failed: unable to get local issuer certificate (_ssl.c:1016)>|attempt=3:URLError:<urlopen error [SSL: CERTIFICATE_VERIFY_FAILED] certificate verify failed: unable to get local issuer certificate (_ssl.c:1016)>|attempt=4:URLError:<urlopen error [SSL: CERTIFICATE_VERIFY_FAILED] certificate verify failed: unable to get local issuer certificate (_ssl.c:1016)>,Product-to-COICOP mapping would require a many-to-many allocation and strict S14 scope is not proven at the required category level.,,PRODUCTS_NOT_PURPOSES,PRODUCT_CLASSIFICATION,HIGH,,RUB,true,NOT_ACQUIRED,true,RUT,Russian Federation,DATASET_CANDIDATE,application/vnd.openxmlformats-officedocument.spreadsheetml.sheet|application/octet-stream,raw/source_probe/RUT/RUT_ROSSTAT_SUT_2021_XLSX/failure_receipt.json,4,,separate use columns not category gate,false,,unknown_at_category_level,HOUSEHOLDS_SCOPE_NOT_PROVEN_AT_PURPOSE_LEVEL,HIGH,,true,NOT_RUN,C_ONLY,OFFICIAL_EXPERIMENTAL_ALLOCATION,,SUPPLY_USE_TABLES,Official structured SUT evidence; never accepted as exact without an official deterministic bridge.,not_confirmed; combined marker expected,2021,2021||,DATA_FILE,ACCESS_BLOCKED,2026-06-29T13:43:49Z,SOURCE_ACQUISITION_FAILED:AcquisitionError,D_UNAVAILABLE,ACCESS_BLOCKED,,NOT_RUN,Federal State Statistics Service,official_supply_and_use_tables,,RUT_ROSSTAT_SUT_2021_XLSX,Base input-output and supply-use tables for 2021,https://rosstat.gov.ru/storage/mediabank/Rezultaty_RB_2021.xlsx,FINAL_CONSUMPTION_IN_SUT,WORKBOOK_METADATA_REQUIRED
DOCX_DOWNLOAD,,4,attempt=1:URLError:<urlopen error [SSL: CERTIFICATE_VERIFY_FAILED] certificate verify failed: unable to get local issuer certificate (_ssl.c:1016)>|attempt=2:URLError:<urlopen error [SSL: CERTIFICATE_VERIFY_FAILED] certificate verify failed: unable to get local issuer certificate (_ssl.c:1016)>|attempt=3:URLError:<urlopen error [SSL: CERTIFICATE_VERIFY_FAILED] certificate verify failed: unable to get local issuer certificate (_ssl.c:1016)>|attempt=4:URLError:<urlopen error [SSL: CERTIFICATE_VERIFY_FAILED] certificate verify failed: unable to get local issuer certificate (_ssl.c:1016)>,Classification documentation contains no expenditure values.,,CLASSIFICATION_ONLY,KIPC_DH,HIGH,,not_applicable,not_applicable,NOT_ACQUIRED,true,RUT,Russian Federation,DOCUMENTATION,application/vnd.openxmlformats-officedocument.wordprocessingml.document|application/octet-stream,raw/source_probe/RUT/RUT_ROSSTAT_KIPC_DH_CLASSIFICATION/failure_receipt.json,5,,not_applicable,false,,not_applicable,NOT_APPLICABLE,LOW,,true,NOT_RUN,D_UNAVAILABLE,NO_ADMISSIBLE_SOURCE_FOUND_IN_CURRENT_PROBE,,CLASSIFICATION_DOCUMENT,Documentation only; not a dataset.,not_applicable,CLASSIFICATION,|,DOCUMENTATION_FILE,ACCESS_BLOCKED,2026-06-29T13:44:04Z,SOURCE_ACQUISITION_FAILED:AcquisitionError,D_UNAVAILABLE,ACCESS_BLOCKED,,NOT_RUN,Federal State Statistics Service,official_structured_publications,,RUT_ROSSTAT_KIPC_DH_CLASSIFICATION,KIPC-DH classification,https://rosstat.gov.ru/storage/mediabank/KIPC_DX.docx,NOT_APPLICABLE,not_applicable
PDF_DOWNLOAD,,4,attempt=1:URLError:<urlopen error [SSL: CERTIFICATE_VERIFY_FAILED] certificate verify failed: unable to get local issuer certificate (_ssl.c:1016)>|attempt=2:URLError:<urlopen error [SSL: CERTIFICATE_VERIFY_FAILED] certificate verify failed: unable to get local issuer certificate (_ssl.c:1016)>|attempt=3:URLError:<urlopen error [SSL: CERTIFICATE_VERIFY_FAILED] certificate verify failed: unable to get local issuer certificate (_ssl.c:1016)>|attempt=4:URLError:<urlopen error [SSL: CERTIFICATE_VERIFY_FAILED] certificate verify failed: unable to get local issuer certificate (_ssl.c:1016)>,Official PDF is preserved as documentary evidence; no OCR or unverified table extraction is allowed.,,AGGREGATES_AND_INDICES,PUBLICATION_TABLES,HIGH,,RUB,publication_contains_current_price_accounts,NOT_ACQUIRED,true,RUT,Russian Federation,DOCUMENTATION,application/pdf,raw/source_probe/RUT/RUT_ROSSTAT_NATIONAL_ACCOUNTS_2015_2022/failure_receipt.json,5,,varies_by_table,false,,unknown_at_category_level,MULTIPLE,MEDIUM,,false,NOT_RUN,D_UNAVAILABLE,SOURCE_NOT_MACHINE_READABLE,,NATIONAL_ACCOUNTS_PUBLICATION,Replaces the incorrect BRICS publication candidate.,varies_by_table,2015-2022,,PUBLICATION_FILE,ACCESS_BLOCKED,2026-06-29T13:44:18Z,SOURCE_ACQUISITION_FAILED:AcquisitionError,D_UNAVAILABLE,ACCESS_BLOCKED,,NOT_RUN,Federal State Statistics Service,official_structured_publications,,RUT_ROSSTAT_NATIONAL_ACCOUNTS_2015_2022,National Accounts of Russia in 2015-2022,https://rosstat.gov.ru/storage/mediabank/Nac-sch_2015-2022.pdf,MULTIPLE,multiple
HTML_DOWNLOAD,,4,attempt=1:URLError:<urlopen error [SSL: CERTIFICATE_VERIFY_FAILED] certificate verify failed: unable to get local issuer certificate (_ssl.c:1016)>|attempt=2:URLError:<urlopen error [SSL: CERTIFICATE_VERIFY_FAILED] certificate verify failed: unable to get local issuer certificate (_ssl.c:1016)>|attempt=3:URLError:<urlopen error [SSL: CERTIFICATE_VERIFY_FAILED] certificate verify failed: unable to get local issuer certificate (_ssl.c:1016)>|attempt=4:URLError:<urlopen error [SSL: CERTIFICATE_VERIFY_FAILED] certificate verify failed: unable to get local issuer certificate (_ssl.c:1016)>,Purpose detail comes from a household budget survey and cannot substitute for national-accounts S14/P31DC expenditure.,,PURPOSE_DETAIL,KIPC_DH,HIGH,,RUB,survey_values_or_shares,NOT_ACQUIRED,true,RUT,Russian Federation,CLASS_C_DATASET,text/html,raw/source_probe/RUT/RUT_ROSSTAT_HBS_2021/failure_receipt.json,6,,outside_survey_concept,false,,not_proven_equivalent_to_sna,HOUSEHOLD_SURVEY_RESPONDENTS,MEDIUM,,true,NOT_RUN,C_ONLY,NO_ADMISSIBLE_SOURCE_FOUND_IN_CURRENT_PROBE,,HOUSEHOLD_BUDGET_SURVEY,Official Class C source retained for diagnostic comparison only.,outside_survey_concept,2021,||2021,PUBLICATION_PAGE,ACCESS_BLOCKED,2026-06-29T13:44:33Z,SOURCE_ACQUISITION_FAILED:AcquisitionError,D_UNAVAILABLE,ACCESS_BLOCKED,,NOT_RUN,Federal State Statistics Service,survey_or_cpi_class_c_only,,RUT_ROSSTAT_HBS_2021,Income expenditure and consumption of households in 2021,https://rosstat.gov.ru/bgd/regl/b21_102/,SURVEY_CONSUMER_EXPENDITURE,SURVEY_PUBLICATION_UNIT
HTML_DISCOVERY,,4,attempt=1:URLError:<urlopen error [SSL: CERTIFICATE_VERIFY_FAILED] certificate verify failed: unable to get local issuer certificate (_ssl.c:1016)>|attempt=2:URLError:<urlopen error [SSL: CERTIFICATE_VERIFY_FAILED] certificate verify failed: unable to get local issuer certificate (_ssl.c:1016)>|attempt=3:URLError:<urlopen error [SSL: CERTIFICATE_VERIFY_FAILED] certificate verify failed: unable to get local issuer certificate (_ssl.c:1016)>|attempt=4:URLError:<urlopen error [SSL: CERTIFICATE_VERIFY_FAILED] certificate verify failed: unable to get local issuer certificate (_ssl.c:1016)>,Homepage does not constitute an exact database query.,,MULTIPLE,MULTIPLE,LOW,,VND,mixed,NOT_ACQUIRED,true,VNM,Viet Nam,DISCOVERY_ONLY,text/html,raw/source_probe/VNM/VNM_NSO_PORTAL/failure_receipt.json,3,,unknown,true,,unknown,MULTIPLE,HIGH,,partly,NOT_RUN,D_UNAVAILABLE,NO_ADMISSIBLE_SOURCE_FOUND_IN_CURRENT_PROBE,,OFFICIAL_STATISTICAL_PORTAL,Recorded as a rejected homepage attempt.,unknown,MULTIPLE,,LANDING_PAGE,ACCESS_BLOCKED,2026-06-29T13:44:49Z,SOURCE_ACQUISITION_FAILED:AcquisitionError,D_UNAVAILABLE,ACCESS_BLOCKED,,NOT_RUN,National Statistics Office of Viet Nam,official_statistical_database,,VNM_NSO_PORTAL,National Statistics Office of Viet Nam data portal,https://www.nso.gov.vn/en/,MULTIPLE,multiple
HTML_REPORT_PAGE,,4,attempt=1:URLError:<urlopen error [SSL: CERTIFICATE_VERIFY_FAILED] certificate verify failed: unable to get local issuer certificate (_ssl.c:1016)>|attempt=2:URLError:<urlopen error [SSL: CERTIFICATE_VERIFY_FAILED] certificate verify failed: unable to get local issuer certificate (_ssl.c:1016)>|attempt=3:URLError:<urlopen error [SSL: CERTIFICATE_VERIFY_FAILED] certificate verify failed: unable to get local issuer certificate (_ssl.c:1016)>|attempt=4:URLError:<urlopen error [SSL: CERTIFICATE_VERIFY_FAILED] certificate verify failed: unable to get local issuer certificate (_ssl.c:1016)>,"Release reports aggregate final-consumption growth, not household S14/P31 by twelve categories at current prices.",,AGGREGATE_ONLY,GDP_USE_METHOD,HIGH,,VND,mixed,NOT_ACQUIRED,true,VNM,Viet Nam,DATASET,text/html,raw/source_probe/VNM/VNM_NSO_SOCIO_ECONOMIC_2021/failure_receipt.json,5,,unknown,false,,unknown,TOTAL_FINAL_CONSUMPTION,LOW,,true,NOT_RUN,D_UNAVAILABLE,NO_ADMISSIBLE_SOURCE_FOUND_IN_CURRENT_PROBE,,NATIONAL_ACCOUNTS_RELEASE,"Official 2021 aggregate release, conceptually insufficient.",unknown,2021,fourth quarter and 2021|final consumption,HTML_TABLE,ACCESS_BLOCKED,2026-06-29T13:45:05Z,SOURCE_ACQUISITION_FAILED:AcquisitionError,D_UNAVAILABLE,ACCESS_BLOCKED,,NOT_RUN,National Statistics Office of Viet Nam,official_structured_publications,,VNM_NSO_SOCIO_ECONOMIC_2021,Socio-economic situation in the fourth quarter and 2021,https://www.nso.gov.vn/en/data-and-statistics/2022/01/socio-economic-situation-in-the-fourth-quarter-and-2021/,FINAL_CONSUMPTION_AGGREGATE,GROWTH_RATE
HTML_PUBLICATION_PAGE,,4,attempt=1:URLError:<urlopen error [SSL: CERTIFICATE_VERIFY_FAILED] certificate verify failed: unable to get local issuer certificate (_ssl.c:1016)>|attempt=2:URLError:<urlopen error [SSL: CERTIFICATE_VERIFY_FAILED] certificate verify failed: unable to get local issuer certificate (_ssl.c:1016)>|attempt=3:URLError:<urlopen error [SSL: CERTIFICATE_VERIFY_FAILED] certificate verify failed: unable to get local issuer certificate (_ssl.c:1016)>|attempt=4:URLError:<urlopen error [SSL: CERTIFICATE_VERIFY_FAILED] certificate verify failed: unable to get local issuer certificate (_ssl.c:1016)>,Reference year is 2022 and the survey is not national-accounts S14/P31.,,DETAILED_SURVEY,VHLSS_GROUPS,HIGH,,VND,true,NOT_ACQUIRED,true,VNM,Viet Nam,DISCOVERY_ONLY,text/html,raw/source_probe/VNM/VNM_NSO_VHLSS_2022/failure_receipt.json,6,,yes,false,,uncertain,HOUSEHOLDS_SURVEY,MEDIUM,,partly,NOT_RUN,C_ONLY,OFFICIAL_EXPERIMENTAL_ALLOCATION,,HOUSEHOLD_SURVEY,"Official VHLSS source, excluded from exact weights.",yes,2022,viet nam household living standards survey 2022|consumption,PUBLICATION_PAGE,ACCESS_BLOCKED,2026-06-29T13:45:20Z,SOURCE_ACQUISITION_FAILED:AcquisitionError,D_UNAVAILABLE,ACCESS_BLOCKED,,NOT_RUN,National Statistics Office of Viet Nam,survey_or_cpi_class_c_only,,VNM_NSO_VHLSS_2022,Results of the Viet Nam Household Living Standards Survey 2022,https://www.nso.gov.vn/en/default/2024/04/results-of-the-viet-nam-household-living-standards-survey-2022/,NOT_SNA_P31,SURVEY_RESULTS
