economy_code,category,source_family,authority,dataset,url,access_method,retrieval_status,status_code,content_type,file_signature,byte_size,reference_period,institutional_sector,transaction_code,classification,current_prices,currency,unit,npish_treatment,government_treatment,imputed_rent_treatment,candidate_class,rejection_reason,retrieved_at,sha256
IND,CP04,official_structured_publications,Ministry of Statistics and Programme Implementation,IND_MOSPI_NAS2024_STATEMENT_5_1,https://www.mospi.gov.in/sites/default/files/reports_and_publication/statistical_publication/National_Accounts/NAS2024/5.1.xlsx,OFFICIAL_WEB_SOURCE_AUDIT,fresh,200,application/vnd.openxmlformats-officedocument.spreadsheetml.sheet,XLSX_ZIP_CONTAINER,77568,2021-22,HOUSEHOLDS_AND_NPISH_COMBINED,PFCE_P31_COMBINED_S14_S15,MOSPI_NAS_ITEM,CONFIRMED,INR,crore,CONFIRMED_INCLUDED_AND_NOT_SEPARABLE,CONFIRMED_EXCLUDED_FROM_PFCE,CONFIRMED_INCLUDED,NO_ADMISSIBLE_SOURCE_FOUND_IN_CURRENT_PROBE,MoSPI Statement 5.1 is machine-readable and supports exact category aggregation plus an explicit narcotics exclusion. MoSPI methodology defines PFCE as expenditure of households and NPISH combined and states that the two are not separately available. The table reports fiscal year 2021-22 rather than calendar year 2021. It is therefore not admissible to the strict S14/P31DC Armilar 2021 exact matrix.,2026-06-29T19:52:19Z,651c981f4d65697a3c03750ae3a62e21f197d039b4fc68061b334ecdb84eb729
IND,CP06,official_structured_publications,Ministry of Statistics and Programme Implementation,IND_MOSPI_NAS2024_STATEMENT_5_1,https://www.mospi.gov.in/sites/default/files/reports_and_publication/statistical_publication/National_Accounts/NAS2024/5.1.xlsx,OFFICIAL_WEB_SOURCE_AUDIT,fresh,200,application/vnd.openxmlformats-officedocument.spreadsheetml.sheet,XLSX_ZIP_CONTAINER,77568,2021-22,HOUSEHOLDS_AND_NPISH_COMBINED,PFCE_P31_COMBINED_S14_S15,MOSPI_NAS_ITEM,CONFIRMED,INR,crore,CONFIRMED_INCLUDED_AND_NOT_SEPARABLE,CONFIRMED_EXCLUDED_FROM_PFCE,CONFIRMED_INCLUDED,NO_ADMISSIBLE_SOURCE_FOUND_IN_CURRENT_PROBE,MoSPI Statement 5.1 is machine-readable and supports exact category aggregation plus an explicit narcotics exclusion. MoSPI methodology defines PFCE as expenditure of households and NPISH combined and states that the two are not separately available. The table reports fiscal year 2021-22 rather than calendar year 2021. It is therefore not admissible to the strict S14/P31DC Armilar 2021 exact matrix.,2026-06-29T19:52:19Z,651c981f4d65697a3c03750ae3a62e21f197d039b4fc68061b334ecdb84eb729
IND,CP09,official_structured_publications,Ministry of Statistics and Programme Implementation,IND_MOSPI_NAS2024_STATEMENT_5_1,https://www.mospi.gov.in/sites/default/files/reports_and_publication/statistical_publication/National_Accounts/NAS2024/5.1.xlsx,OFFICIAL_WEB_SOURCE_AUDIT,fresh,200,application/vnd.openxmlformats-officedocument.spreadsheetml.sheet,XLSX_ZIP_CONTAINER,77568,2021-22,HOUSEHOLDS_AND_NPISH_COMBINED,PFCE_P31_COMBINED_S14_S15,MOSPI_NAS_ITEM,CONFIRMED,INR,crore,CONFIRMED_INCLUDED_AND_NOT_SEPARABLE,CONFIRMED_EXCLUDED_FROM_PFCE,CONFIRMED_INCLUDED,NO_ADMISSIBLE_SOURCE_FOUND_IN_CURRENT_PROBE,MoSPI Statement 5.1 is machine-readable and supports exact category aggregation plus an explicit narcotics exclusion. MoSPI methodology defines PFCE as expenditure of households and NPISH combined and states that the two are not separately available. The table reports fiscal year 2021-22 rather than calendar year 2021. It is therefore not admissible to the strict S14/P31DC Armilar 2021 exact matrix.,2026-06-29T19:52:19Z,651c981f4d65697a3c03750ae3a62e21f197d039b4fc68061b334ecdb84eb729
IND,CP10,official_structured_publications,Ministry of Statistics and Programme Implementation,IND_MOSPI_NAS2024_STATEMENT_5_1,https://www.mospi.gov.in/sites/default/files/reports_and_publication/statistical_publication/National_Accounts/NAS2024/5.1.xlsx,OFFICIAL_WEB_SOURCE_AUDIT,fresh,200,application/vnd.openxmlformats-officedocument.spreadsheetml.sheet,XLSX_ZIP_CONTAINER,77568,2021-22,HOUSEHOLDS_AND_NPISH_COMBINED,PFCE_P31_COMBINED_S14_S15,MOSPI_NAS_ITEM,CONFIRMED,INR,crore,CONFIRMED_INCLUDED_AND_NOT_SEPARABLE,CONFIRMED_EXCLUDED_FROM_PFCE,CONFIRMED_INCLUDED,NO_ADMISSIBLE_SOURCE_FOUND_IN_CURRENT_PROBE,MoSPI Statement 5.1 is machine-readable and supports exact category aggregation plus an explicit narcotics exclusion. MoSPI methodology defines PFCE as expenditure of households and NPISH combined and states that the two are not separately available. The table reports fiscal year 2021-22 rather than calendar year 2021. It is therefore not admissible to the strict S14/P31DC Armilar 2021 exact matrix.,2026-06-29T19:52:19Z,651c981f4d65697a3c03750ae3a62e21f197d039b4fc68061b334ecdb84eb729
IND,CP12,official_structured_publications,Ministry of Statistics and Programme Implementation,IND_MOSPI_NAS2024_STATEMENT_5_1,https://www.mospi.gov.in/sites/default/files/reports_and_publication/statistical_publication/National_Accounts/NAS2024/5.1.xlsx,OFFICIAL_WEB_SOURCE_AUDIT,fresh,200,application/vnd.openxmlformats-officedocument.spreadsheetml.sheet,XLSX_ZIP_CONTAINER,77568,2021-22,HOUSEHOLDS_AND_NPISH_COMBINED,PFCE_P31_COMBINED_S14_S15,MOSPI_NAS_ITEM,CONFIRMED,INR,crore,CONFIRMED_INCLUDED_AND_NOT_SEPARABLE,CONFIRMED_EXCLUDED_FROM_PFCE,CONFIRMED_INCLUDED,NO_ADMISSIBLE_SOURCE_FOUND_IN_CURRENT_PROBE,MoSPI Statement 5.1 is machine-readable and supports exact category aggregation plus an explicit narcotics exclusion. MoSPI methodology defines PFCE as expenditure of households and NPISH combined and states that the two are not separately available. The table reports fiscal year 2021-22 rather than calendar year 2021. It is therefore not admissible to the strict S14/P31DC Armilar 2021 exact matrix.,2026-06-29T19:52:19Z,651c981f4d65697a3c03750ae3a62e21f197d039b4fc68061b334ecdb84eb729
IND,CP04,official_structured_publications,Ministry of Statistics and Programme Implementation,IND_MOSPI_PFCE_CHAPTER_22,https://mospi.gov.in/sites/default/files/reports_and_publication/statistical_manual/Chapter%2022.pdf,OFFICIAL_WEB_SOURCE_AUDIT,fresh,200,application/pdf,PDF_SIGNATURE,270951,METHODOLOGY,HOUSEHOLDS_AND_NPISH_COMBINED,PFCE_P31_COMBINED_S14_S15,OFFICIAL_METHODOLOGY,CONCEPT_APPLIES_TO_CURRENT_AND_CONSTANT_PRICE_SERIES,NOT_APPLICABLE,NOT_APPLICABLE,CONFIRMED_INCLUDED_AND_NOT_SEPARABLE,CONFIRMED_EXCLUDED_FROM_PFCE,CONFIRMED_INCLUDED,NO_ADMISSIBLE_SOURCE_FOUND_IN_CURRENT_PROBE,MoSPI Statement 5.1 is machine-readable and supports exact category aggregation plus an explicit narcotics exclusion. MoSPI methodology defines PFCE as expenditure of households and NPISH combined and states that the two are not separately available. The table reports fiscal year 2021-22 rather than calendar year 2021. It is therefore not admissible to the strict S14/P31DC Armilar 2021 exact matrix.,2026-06-29T19:52:21Z,8439d936cea6a451ed0f60c964feaf3c3635ec62c398cc952f1e0ec148f6da62
IND,CP06,official_structured_publications,Ministry of Statistics and Programme Implementation,IND_MOSPI_PFCE_CHAPTER_22,https://mospi.gov.in/sites/default/files/reports_and_publication/statistical_manual/Chapter%2022.pdf,OFFICIAL_WEB_SOURCE_AUDIT,fresh,200,application/pdf,PDF_SIGNATURE,270951,METHODOLOGY,HOUSEHOLDS_AND_NPISH_COMBINED,PFCE_P31_COMBINED_S14_S15,OFFICIAL_METHODOLOGY,CONCEPT_APPLIES_TO_CURRENT_AND_CONSTANT_PRICE_SERIES,NOT_APPLICABLE,NOT_APPLICABLE,CONFIRMED_INCLUDED_AND_NOT_SEPARABLE,CONFIRMED_EXCLUDED_FROM_PFCE,CONFIRMED_INCLUDED,NO_ADMISSIBLE_SOURCE_FOUND_IN_CURRENT_PROBE,MoSPI Statement 5.1 is machine-readable and supports exact category aggregation plus an explicit narcotics exclusion. MoSPI methodology defines PFCE as expenditure of households and NPISH combined and states that the two are not separately available. The table reports fiscal year 2021-22 rather than calendar year 2021. It is therefore not admissible to the strict S14/P31DC Armilar 2021 exact matrix.,2026-06-29T19:52:21Z,8439d936cea6a451ed0f60c964feaf3c3635ec62c398cc952f1e0ec148f6da62
IND,CP09,official_structured_publications,Ministry of Statistics and Programme Implementation,IND_MOSPI_PFCE_CHAPTER_22,https://mospi.gov.in/sites/default/files/reports_and_publication/statistical_manual/Chapter%2022.pdf,OFFICIAL_WEB_SOURCE_AUDIT,fresh,200,application/pdf,PDF_SIGNATURE,270951,METHODOLOGY,HOUSEHOLDS_AND_NPISH_COMBINED,PFCE_P31_COMBINED_S14_S15,OFFICIAL_METHODOLOGY,CONCEPT_APPLIES_TO_CURRENT_AND_CONSTANT_PRICE_SERIES,NOT_APPLICABLE,NOT_APPLICABLE,CONFIRMED_INCLUDED_AND_NOT_SEPARABLE,CONFIRMED_EXCLUDED_FROM_PFCE,CONFIRMED_INCLUDED,NO_ADMISSIBLE_SOURCE_FOUND_IN_CURRENT_PROBE,MoSPI Statement 5.1 is machine-readable and supports exact category aggregation plus an explicit narcotics exclusion. MoSPI methodology defines PFCE as expenditure of households and NPISH combined and states that the two are not separately available. The table reports fiscal year 2021-22 rather than calendar year 2021. It is therefore not admissible to the strict S14/P31DC Armilar 2021 exact matrix.,2026-06-29T19:52:21Z,8439d936cea6a451ed0f60c964feaf3c3635ec62c398cc952f1e0ec148f6da62
IND,CP10,official_structured_publications,Ministry of Statistics and Programme Implementation,IND_MOSPI_PFCE_CHAPTER_22,https://mospi.gov.in/sites/default/files/reports_and_publication/statistical_manual/Chapter%2022.pdf,OFFICIAL_WEB_SOURCE_AUDIT,fresh,200,application/pdf,PDF_SIGNATURE,270951,METHODOLOGY,HOUSEHOLDS_AND_NPISH_COMBINED,PFCE_P31_COMBINED_S14_S15,OFFICIAL_METHODOLOGY,CONCEPT_APPLIES_TO_CURRENT_AND_CONSTANT_PRICE_SERIES,NOT_APPLICABLE,NOT_APPLICABLE,CONFIRMED_INCLUDED_AND_NOT_SEPARABLE,CONFIRMED_EXCLUDED_FROM_PFCE,CONFIRMED_INCLUDED,NO_ADMISSIBLE_SOURCE_FOUND_IN_CURRENT_PROBE,MoSPI Statement 5.1 is machine-readable and supports exact category aggregation plus an explicit narcotics exclusion. MoSPI methodology defines PFCE as expenditure of households and NPISH combined and states that the two are not separately available. The table reports fiscal year 2021-22 rather than calendar year 2021. It is therefore not admissible to the strict S14/P31DC Armilar 2021 exact matrix.,2026-06-29T19:52:21Z,8439d936cea6a451ed0f60c964feaf3c3635ec62c398cc952f1e0ec148f6da62
IND,CP12,official_structured_publications,Ministry of Statistics and Programme Implementation,IND_MOSPI_PFCE_CHAPTER_22,https://mospi.gov.in/sites/default/files/reports_and_publication/statistical_manual/Chapter%2022.pdf,OFFICIAL_WEB_SOURCE_AUDIT,fresh,200,application/pdf,PDF_SIGNATURE,270951,METHODOLOGY,HOUSEHOLDS_AND_NPISH_COMBINED,PFCE_P31_COMBINED_S14_S15,OFFICIAL_METHODOLOGY,CONCEPT_APPLIES_TO_CURRENT_AND_CONSTANT_PRICE_SERIES,NOT_APPLICABLE,NOT_APPLICABLE,CONFIRMED_INCLUDED_AND_NOT_SEPARABLE,CONFIRMED_EXCLUDED_FROM_PFCE,CONFIRMED_INCLUDED,NO_ADMISSIBLE_SOURCE_FOUND_IN_CURRENT_PROBE,MoSPI Statement 5.1 is machine-readable and supports exact category aggregation plus an explicit narcotics exclusion. MoSPI methodology defines PFCE as expenditure of households and NPISH combined and states that the two are not separately available. The table reports fiscal year 2021-22 rather than calendar year 2021. It is therefore not admissible to the strict S14/P31DC Armilar 2021 exact matrix.,2026-06-29T19:52:21Z,8439d936cea6a451ed0f60c964feaf3c3635ec62c398cc952f1e0ec148f6da62
RUT,CP04,official_structured_publications,Federal State Statistics Service,RUT_FEDSTAT_HFCE_31414,https://www.fedstat.ru/indicator/31414,OFFICIAL_WEB_SOURCE_AUDIT,ACCESS_BLOCKED,,,,,2021,NOT_CONFIRMED_AS_STRICT_S14,NOT_CONFIRMED_AS_P31DC,FEDSTAT_INDICATOR_AGGREGATE,UNKNOWN,UNKNOWN,UNKNOWN,NOT_CONFIRMED_EXCLUDED,NOT_CONFIRMED_EXCLUDED,NOT_CONFIRMED,ACCESS_BLOCKED,AcquisitionError: Acquisition failed for RUT_FEDSTAT_HFCE_31414: attempt=1:HTTPError:HTTP Error 403: Forbidden; attempt=2:HTTPError:HTTP Error 403: Forbidden; attempt=3:HTTPError:HTTP Error 403: Forbidden; attempt=4:HTTPError:HTTP Error 403: Forbidden,ACQUISITION_FAILED_NO_RAW_FILE,
RUT,CP06,official_structured_publications,Federal State Statistics Service,RUT_FEDSTAT_HFCE_31414,https://www.fedstat.ru/indicator/31414,OFFICIAL_WEB_SOURCE_AUDIT,ACCESS_BLOCKED,,,,,2021,NOT_CONFIRMED_AS_STRICT_S14,NOT_CONFIRMED_AS_P31DC,FEDSTAT_INDICATOR_AGGREGATE,UNKNOWN,UNKNOWN,UNKNOWN,NOT_CONFIRMED_EXCLUDED,NOT_CONFIRMED_EXCLUDED,NOT_CONFIRMED,ACCESS_BLOCKED,AcquisitionError: Acquisition failed for RUT_FEDSTAT_HFCE_31414: attempt=1:HTTPError:HTTP Error 403: Forbidden; attempt=2:HTTPError:HTTP Error 403: Forbidden; attempt=3:HTTPError:HTTP Error 403: Forbidden; attempt=4:HTTPError:HTTP Error 403: Forbidden,ACQUISITION_FAILED_NO_RAW_FILE,
RUT,CP09,official_structured_publications,Federal State Statistics Service,RUT_FEDSTAT_HFCE_31414,https://www.fedstat.ru/indicator/31414,OFFICIAL_WEB_SOURCE_AUDIT,ACCESS_BLOCKED,,,,,2021,NOT_CONFIRMED_AS_STRICT_S14,NOT_CONFIRMED_AS_P31DC,FEDSTAT_INDICATOR_AGGREGATE,UNKNOWN,UNKNOWN,UNKNOWN,NOT_CONFIRMED_EXCLUDED,NOT_CONFIRMED_EXCLUDED,NOT_CONFIRMED,ACCESS_BLOCKED,AcquisitionError: Acquisition failed for RUT_FEDSTAT_HFCE_31414: attempt=1:HTTPError:HTTP Error 403: Forbidden; attempt=2:HTTPError:HTTP Error 403: Forbidden; attempt=3:HTTPError:HTTP Error 403: Forbidden; attempt=4:HTTPError:HTTP Error 403: Forbidden,ACQUISITION_FAILED_NO_RAW_FILE,
RUT,CP10,official_structured_publications,Federal State Statistics Service,RUT_FEDSTAT_HFCE_31414,https://www.fedstat.ru/indicator/31414,OFFICIAL_WEB_SOURCE_AUDIT,ACCESS_BLOCKED,,,,,2021,NOT_CONFIRMED_AS_STRICT_S14,NOT_CONFIRMED_AS_P31DC,FEDSTAT_INDICATOR_AGGREGATE,UNKNOWN,UNKNOWN,UNKNOWN,NOT_CONFIRMED_EXCLUDED,NOT_CONFIRMED_EXCLUDED,NOT_CONFIRMED,ACCESS_BLOCKED,AcquisitionError: Acquisition failed for RUT_FEDSTAT_HFCE_31414: attempt=1:HTTPError:HTTP Error 403: Forbidden; attempt=2:HTTPError:HTTP Error 403: Forbidden; attempt=3:HTTPError:HTTP Error 403: Forbidden; attempt=4:HTTPError:HTTP Error 403: Forbidden,ACQUISITION_FAILED_NO_RAW_FILE,
RUT,CP12,official_structured_publications,Federal State Statistics Service,RUT_FEDSTAT_HFCE_31414,https://www.fedstat.ru/indicator/31414,OFFICIAL_WEB_SOURCE_AUDIT,ACCESS_BLOCKED,,,,,2021,NOT_CONFIRMED_AS_STRICT_S14,NOT_CONFIRMED_AS_P31DC,FEDSTAT_INDICATOR_AGGREGATE,UNKNOWN,UNKNOWN,UNKNOWN,NOT_CONFIRMED_EXCLUDED,NOT_CONFIRMED_EXCLUDED,NOT_CONFIRMED,ACCESS_BLOCKED,AcquisitionError: Acquisition failed for RUT_FEDSTAT_HFCE_31414: attempt=1:HTTPError:HTTP Error 403: Forbidden; attempt=2:HTTPError:HTTP Error 403: Forbidden; attempt=3:HTTPError:HTTP Error 403: Forbidden; attempt=4:HTTPError:HTTP Error 403: Forbidden,ACQUISITION_FAILED_NO_RAW_FILE,
RUT,CP04,official_structured_publications,Federal State Statistics Service,RUT_ROSSTAT_HBS_2021,https://rosstat.gov.ru/bgd/regl/b21_102/,OFFICIAL_WEB_SOURCE_AUDIT,ACCESS_BLOCKED,,,,,2021,NOT_CONFIRMED_AS_STRICT_S14,NOT_CONFIRMED_AS_P31DC,KIPC_DH_HOUSEHOLD_SURVEY,UNKNOWN,UNKNOWN,UNKNOWN,NOT_CONFIRMED_EXCLUDED,NOT_CONFIRMED_EXCLUDED,NOT_CONFIRMED,ACCESS_BLOCKED,AcquisitionError: Acquisition failed for RUT_ROSSTAT_HBS_2021: attempt=1:URLError:<urlopen error [SSL: CERTIFICATE_VERIFY_FAILED] certificate verify failed: unable to get local issuer certificate (_ssl.c:1082)>; attempt=2:URLError:<urlopen error [SSL: CERTIFICATE_VERIFY_FAILED] certificate verify failed: unable to get local issuer certificate (_ssl.c:1082)>; attempt=3:URLError:<urlopen error [SSL: CERTIFICATE_VERIFY_FAILED] certificate verify failed: unable to get local issuer certificate (_ssl.c:1082)>; attempt=4:URLError:<urlopen error [SSL: CERTIFICATE_VERIFY_FAILED] certificate verify failed: unable to get local issuer certificate (_ssl.c:1082)>,ACQUISITION_FAILED_NO_RAW_FILE,
RUT,CP06,official_structured_publications,Federal State Statistics Service,RUT_ROSSTAT_HBS_2021,https://rosstat.gov.ru/bgd/regl/b21_102/,OFFICIAL_WEB_SOURCE_AUDIT,ACCESS_BLOCKED,,,,,2021,NOT_CONFIRMED_AS_STRICT_S14,NOT_CONFIRMED_AS_P31DC,KIPC_DH_HOUSEHOLD_SURVEY,UNKNOWN,UNKNOWN,UNKNOWN,NOT_CONFIRMED_EXCLUDED,NOT_CONFIRMED_EXCLUDED,NOT_CONFIRMED,ACCESS_BLOCKED,AcquisitionError: Acquisition failed for RUT_ROSSTAT_HBS_2021: attempt=1:URLError:<urlopen error [SSL: CERTIFICATE_VERIFY_FAILED] certificate verify failed: unable to get local issuer certificate (_ssl.c:1082)>; attempt=2:URLError:<urlopen error [SSL: CERTIFICATE_VERIFY_FAILED] certificate verify failed: unable to get local issuer certificate (_ssl.c:1082)>; attempt=3:URLError:<urlopen error [SSL: CERTIFICATE_VERIFY_FAILED] certificate verify failed: unable to get local issuer certificate (_ssl.c:1082)>; attempt=4:URLError:<urlopen error [SSL: CERTIFICATE_VERIFY_FAILED] certificate verify failed: unable to get local issuer certificate (_ssl.c:1082)>,ACQUISITION_FAILED_NO_RAW_FILE,
RUT,CP09,official_structured_publications,Federal State Statistics Service,RUT_ROSSTAT_HBS_2021,https://rosstat.gov.ru/bgd/regl/b21_102/,OFFICIAL_WEB_SOURCE_AUDIT,ACCESS_BLOCKED,,,,,2021,NOT_CONFIRMED_AS_STRICT_S14,NOT_CONFIRMED_AS_P31DC,KIPC_DH_HOUSEHOLD_SURVEY,UNKNOWN,UNKNOWN,UNKNOWN,NOT_CONFIRMED_EXCLUDED,NOT_CONFIRMED_EXCLUDED,NOT_CONFIRMED,ACCESS_BLOCKED,AcquisitionError: Acquisition failed for RUT_ROSSTAT_HBS_2021: attempt=1:URLError:<urlopen error [SSL: CERTIFICATE_VERIFY_FAILED] certificate verify failed: unable to get local issuer certificate (_ssl.c:1082)>; attempt=2:URLError:<urlopen error [SSL: CERTIFICATE_VERIFY_FAILED] certificate verify failed: unable to get local issuer certificate (_ssl.c:1082)>; attempt=3:URLError:<urlopen error [SSL: CERTIFICATE_VERIFY_FAILED] certificate verify failed: unable to get local issuer certificate (_ssl.c:1082)>; attempt=4:URLError:<urlopen error [SSL: CERTIFICATE_VERIFY_FAILED] certificate verify failed: unable to get local issuer certificate (_ssl.c:1082)>,ACQUISITION_FAILED_NO_RAW_FILE,
RUT,CP10,official_structured_publications,Federal State Statistics Service,RUT_ROSSTAT_HBS_2021,https://rosstat.gov.ru/bgd/regl/b21_102/,OFFICIAL_WEB_SOURCE_AUDIT,ACCESS_BLOCKED,,,,,2021,NOT_CONFIRMED_AS_STRICT_S14,NOT_CONFIRMED_AS_P31DC,KIPC_DH_HOUSEHOLD_SURVEY,UNKNOWN,UNKNOWN,UNKNOWN,NOT_CONFIRMED_EXCLUDED,NOT_CONFIRMED_EXCLUDED,NOT_CONFIRMED,ACCESS_BLOCKED,AcquisitionError: Acquisition failed for RUT_ROSSTAT_HBS_2021: attempt=1:URLError:<urlopen error [SSL: CERTIFICATE_VERIFY_FAILED] certificate verify failed: unable to get local issuer certificate (_ssl.c:1082)>; attempt=2:URLError:<urlopen error [SSL: CERTIFICATE_VERIFY_FAILED] certificate verify failed: unable to get local issuer certificate (_ssl.c:1082)>; attempt=3:URLError:<urlopen error [SSL: CERTIFICATE_VERIFY_FAILED] certificate verify failed: unable to get local issuer certificate (_ssl.c:1082)>; attempt=4:URLError:<urlopen error [SSL: CERTIFICATE_VERIFY_FAILED] certificate verify failed: unable to get local issuer certificate (_ssl.c:1082)>,ACQUISITION_FAILED_NO_RAW_FILE,
RUT,CP12,official_structured_publications,Federal State Statistics Service,RUT_ROSSTAT_HBS_2021,https://rosstat.gov.ru/bgd/regl/b21_102/,OFFICIAL_WEB_SOURCE_AUDIT,ACCESS_BLOCKED,,,,,2021,NOT_CONFIRMED_AS_STRICT_S14,NOT_CONFIRMED_AS_P31DC,KIPC_DH_HOUSEHOLD_SURVEY,UNKNOWN,UNKNOWN,UNKNOWN,NOT_CONFIRMED_EXCLUDED,NOT_CONFIRMED_EXCLUDED,NOT_CONFIRMED,ACCESS_BLOCKED,AcquisitionError: Acquisition failed for RUT_ROSSTAT_HBS_2021: attempt=1:URLError:<urlopen error [SSL: CERTIFICATE_VERIFY_FAILED] certificate verify failed: unable to get local issuer certificate (_ssl.c:1082)>; attempt=2:URLError:<urlopen error [SSL: CERTIFICATE_VERIFY_FAILED] certificate verify failed: unable to get local issuer certificate (_ssl.c:1082)>; attempt=3:URLError:<urlopen error [SSL: CERTIFICATE_VERIFY_FAILED] certificate verify failed: unable to get local issuer certificate (_ssl.c:1082)>; attempt=4:URLError:<urlopen error [SSL: CERTIFICATE_VERIFY_FAILED] certificate verify failed: unable to get local issuer certificate (_ssl.c:1082)>,ACQUISITION_FAILED_NO_RAW_FILE,
RUT,CP04,official_structured_publications,Federal State Statistics Service,RUT_ROSSTAT_KIPC_DH_CLASSIFICATION,https://rosstat.gov.ru/storage/mediabank/KIPC_DX.docx,OFFICIAL_WEB_SOURCE_AUDIT,ACCESS_BLOCKED,,,,,2021,NOT_CONFIRMED_AS_STRICT_S14,NOT_CONFIRMED_AS_P31DC,CLASSIFICATION_ONLY,UNKNOWN,UNKNOWN,UNKNOWN,NOT_CONFIRMED_EXCLUDED,NOT_CONFIRMED_EXCLUDED,NOT_CONFIRMED,ACCESS_BLOCKED,AcquisitionError: Acquisition failed for RUT_ROSSTAT_KIPC_DH_CLASSIFICATION: attempt=1:URLError:<urlopen error [SSL: CERTIFICATE_VERIFY_FAILED] certificate verify failed: unable to get local issuer certificate (_ssl.c:1082)>; attempt=2:URLError:<urlopen error [SSL: CERTIFICATE_VERIFY_FAILED] certificate verify failed: unable to get local issuer certificate (_ssl.c:1082)>; attempt=3:URLError:<urlopen error [SSL: CERTIFICATE_VERIFY_FAILED] certificate verify failed: unable to get local issuer certificate (_ssl.c:1082)>; attempt=4:URLError:<urlopen error [SSL: CERTIFICATE_VERIFY_FAILED] certificate verify failed: unable to get local issuer certificate (_ssl.c:1082)>,ACQUISITION_FAILED_NO_RAW_FILE,
RUT,CP06,official_structured_publications,Federal State Statistics Service,RUT_ROSSTAT_KIPC_DH_CLASSIFICATION,https://rosstat.gov.ru/storage/mediabank/KIPC_DX.docx,OFFICIAL_WEB_SOURCE_AUDIT,ACCESS_BLOCKED,,,,,2021,NOT_CONFIRMED_AS_STRICT_S14,NOT_CONFIRMED_AS_P31DC,CLASSIFICATION_ONLY,UNKNOWN,UNKNOWN,UNKNOWN,NOT_CONFIRMED_EXCLUDED,NOT_CONFIRMED_EXCLUDED,NOT_CONFIRMED,ACCESS_BLOCKED,AcquisitionError: Acquisition failed for RUT_ROSSTAT_KIPC_DH_CLASSIFICATION: attempt=1:URLError:<urlopen error [SSL: CERTIFICATE_VERIFY_FAILED] certificate verify failed: unable to get local issuer certificate (_ssl.c:1082)>; attempt=2:URLError:<urlopen error [SSL: CERTIFICATE_VERIFY_FAILED] certificate verify failed: unable to get local issuer certificate (_ssl.c:1082)>; attempt=3:URLError:<urlopen error [SSL: CERTIFICATE_VERIFY_FAILED] certificate verify failed: unable to get local issuer certificate (_ssl.c:1082)>; attempt=4:URLError:<urlopen error [SSL: CERTIFICATE_VERIFY_FAILED] certificate verify failed: unable to get local issuer certificate (_ssl.c:1082)>,ACQUISITION_FAILED_NO_RAW_FILE,
RUT,CP09,official_structured_publications,Federal State Statistics Service,RUT_ROSSTAT_KIPC_DH_CLASSIFICATION,https://rosstat.gov.ru/storage/mediabank/KIPC_DX.docx,OFFICIAL_WEB_SOURCE_AUDIT,ACCESS_BLOCKED,,,,,2021,NOT_CONFIRMED_AS_STRICT_S14,NOT_CONFIRMED_AS_P31DC,CLASSIFICATION_ONLY,UNKNOWN,UNKNOWN,UNKNOWN,NOT_CONFIRMED_EXCLUDED,NOT_CONFIRMED_EXCLUDED,NOT_CONFIRMED,ACCESS_BLOCKED,AcquisitionError: Acquisition failed for RUT_ROSSTAT_KIPC_DH_CLASSIFICATION: attempt=1:URLError:<urlopen error [SSL: CERTIFICATE_VERIFY_FAILED] certificate verify failed: unable to get local issuer certificate (_ssl.c:1082)>; attempt=2:URLError:<urlopen error [SSL: CERTIFICATE_VERIFY_FAILED] certificate verify failed: unable to get local issuer certificate (_ssl.c:1082)>; attempt=3:URLError:<urlopen error [SSL: CERTIFICATE_VERIFY_FAILED] certificate verify failed: unable to get local issuer certificate (_ssl.c:1082)>; attempt=4:URLError:<urlopen error [SSL: CERTIFICATE_VERIFY_FAILED] certificate verify failed: unable to get local issuer certificate (_ssl.c:1082)>,ACQUISITION_FAILED_NO_RAW_FILE,
RUT,CP10,official_structured_publications,Federal State Statistics Service,RUT_ROSSTAT_KIPC_DH_CLASSIFICATION,https://rosstat.gov.ru/storage/mediabank/KIPC_DX.docx,OFFICIAL_WEB_SOURCE_AUDIT,ACCESS_BLOCKED,,,,,2021,NOT_CONFIRMED_AS_STRICT_S14,NOT_CONFIRMED_AS_P31DC,CLASSIFICATION_ONLY,UNKNOWN,UNKNOWN,UNKNOWN,NOT_CONFIRMED_EXCLUDED,NOT_CONFIRMED_EXCLUDED,NOT_CONFIRMED,ACCESS_BLOCKED,AcquisitionError: Acquisition failed for RUT_ROSSTAT_KIPC_DH_CLASSIFICATION: attempt=1:URLError:<urlopen error [SSL: CERTIFICATE_VERIFY_FAILED] certificate verify failed: unable to get local issuer certificate (_ssl.c:1082)>; attempt=2:URLError:<urlopen error [SSL: CERTIFICATE_VERIFY_FAILED] certificate verify failed: unable to get local issuer certificate (_ssl.c:1082)>; attempt=3:URLError:<urlopen error [SSL: CERTIFICATE_VERIFY_FAILED] certificate verify failed: unable to get local issuer certificate (_ssl.c:1082)>; attempt=4:URLError:<urlopen error [SSL: CERTIFICATE_VERIFY_FAILED] certificate verify failed: unable to get local issuer certificate (_ssl.c:1082)>,ACQUISITION_FAILED_NO_RAW_FILE,
RUT,CP12,official_structured_publications,Federal State Statistics Service,RUT_ROSSTAT_KIPC_DH_CLASSIFICATION,https://rosstat.gov.ru/storage/mediabank/KIPC_DX.docx,OFFICIAL_WEB_SOURCE_AUDIT,ACCESS_BLOCKED,,,,,2021,NOT_CONFIRMED_AS_STRICT_S14,NOT_CONFIRMED_AS_P31DC,CLASSIFICATION_ONLY,UNKNOWN,UNKNOWN,UNKNOWN,NOT_CONFIRMED_EXCLUDED,NOT_CONFIRMED_EXCLUDED,NOT_CONFIRMED,ACCESS_BLOCKED,AcquisitionError: Acquisition failed for RUT_ROSSTAT_KIPC_DH_CLASSIFICATION: attempt=1:URLError:<urlopen error [SSL: CERTIFICATE_VERIFY_FAILED] certificate verify failed: unable to get local issuer certificate (_ssl.c:1082)>; attempt=2:URLError:<urlopen error [SSL: CERTIFICATE_VERIFY_FAILED] certificate verify failed: unable to get local issuer certificate (_ssl.c:1082)>; attempt=3:URLError:<urlopen error [SSL: CERTIFICATE_VERIFY_FAILED] certificate verify failed: unable to get local issuer certificate (_ssl.c:1082)>; attempt=4:URLError:<urlopen error [SSL: CERTIFICATE_VERIFY_FAILED] certificate verify failed: unable to get local issuer certificate (_ssl.c:1082)>,ACQUISITION_FAILED_NO_RAW_FILE,
RUT,CP04,official_structured_publications,Federal State Statistics Service,RUT_ROSSTAT_NATIONAL_ACCOUNTS_2015_2022,https://rosstat.gov.ru/storage/mediabank/Nac-sch_2015-2022.pdf,OFFICIAL_WEB_SOURCE_AUDIT,ACCESS_BLOCKED,,,,,2021,NOT_CONFIRMED_AS_STRICT_S14,NOT_CONFIRMED_AS_P31DC,OFFICIAL_NATIONAL_ACCOUNTS_PUBLICATION,UNKNOWN,UNKNOWN,UNKNOWN,NOT_CONFIRMED_EXCLUDED,NOT_CONFIRMED_EXCLUDED,NOT_CONFIRMED,ACCESS_BLOCKED,AcquisitionError: Acquisition failed for RUT_ROSSTAT_NATIONAL_ACCOUNTS_2015_2022: attempt=1:URLError:<urlopen error [SSL: CERTIFICATE_VERIFY_FAILED] certificate verify failed: unable to get local issuer certificate (_ssl.c:1082)>; attempt=2:URLError:<urlopen error [SSL: CERTIFICATE_VERIFY_FAILED] certificate verify failed: unable to get local issuer certificate (_ssl.c:1082)>; attempt=3:URLError:<urlopen error [SSL: CERTIFICATE_VERIFY_FAILED] certificate verify failed: unable to get local issuer certificate (_ssl.c:1082)>; attempt=4:URLError:<urlopen error [SSL: CERTIFICATE_VERIFY_FAILED] certificate verify failed: unable to get local issuer certificate (_ssl.c:1082)>,ACQUISITION_FAILED_NO_RAW_FILE,
RUT,CP06,official_structured_publications,Federal State Statistics Service,RUT_ROSSTAT_NATIONAL_ACCOUNTS_2015_2022,https://rosstat.gov.ru/storage/mediabank/Nac-sch_2015-2022.pdf,OFFICIAL_WEB_SOURCE_AUDIT,ACCESS_BLOCKED,,,,,2021,NOT_CONFIRMED_AS_STRICT_S14,NOT_CONFIRMED_AS_P31DC,OFFICIAL_NATIONAL_ACCOUNTS_PUBLICATION,UNKNOWN,UNKNOWN,UNKNOWN,NOT_CONFIRMED_EXCLUDED,NOT_CONFIRMED_EXCLUDED,NOT_CONFIRMED,ACCESS_BLOCKED,AcquisitionError: Acquisition failed for RUT_ROSSTAT_NATIONAL_ACCOUNTS_2015_2022: attempt=1:URLError:<urlopen error [SSL: CERTIFICATE_VERIFY_FAILED] certificate verify failed: unable to get local issuer certificate (_ssl.c:1082)>; attempt=2:URLError:<urlopen error [SSL: CERTIFICATE_VERIFY_FAILED] certificate verify failed: unable to get local issuer certificate (_ssl.c:1082)>; attempt=3:URLError:<urlopen error [SSL: CERTIFICATE_VERIFY_FAILED] certificate verify failed: unable to get local issuer certificate (_ssl.c:1082)>; attempt=4:URLError:<urlopen error [SSL: CERTIFICATE_VERIFY_FAILED] certificate verify failed: unable to get local issuer certificate (_ssl.c:1082)>,ACQUISITION_FAILED_NO_RAW_FILE,
RUT,CP09,official_structured_publications,Federal State Statistics Service,RUT_ROSSTAT_NATIONAL_ACCOUNTS_2015_2022,https://rosstat.gov.ru/storage/mediabank/Nac-sch_2015-2022.pdf,OFFICIAL_WEB_SOURCE_AUDIT,ACCESS_BLOCKED,,,,,2021,NOT_CONFIRMED_AS_STRICT_S14,NOT_CONFIRMED_AS_P31DC,OFFICIAL_NATIONAL_ACCOUNTS_PUBLICATION,UNKNOWN,UNKNOWN,UNKNOWN,NOT_CONFIRMED_EXCLUDED,NOT_CONFIRMED_EXCLUDED,NOT_CONFIRMED,ACCESS_BLOCKED,AcquisitionError: Acquisition failed for RUT_ROSSTAT_NATIONAL_ACCOUNTS_2015_2022: attempt=1:URLError:<urlopen error [SSL: CERTIFICATE_VERIFY_FAILED] certificate verify failed: unable to get local issuer certificate (_ssl.c:1082)>; attempt=2:URLError:<urlopen error [SSL: CERTIFICATE_VERIFY_FAILED] certificate verify failed: unable to get local issuer certificate (_ssl.c:1082)>; attempt=3:URLError:<urlopen error [SSL: CERTIFICATE_VERIFY_FAILED] certificate verify failed: unable to get local issuer certificate (_ssl.c:1082)>; attempt=4:URLError:<urlopen error [SSL: CERTIFICATE_VERIFY_FAILED] certificate verify failed: unable to get local issuer certificate (_ssl.c:1082)>,ACQUISITION_FAILED_NO_RAW_FILE,
RUT,CP10,official_structured_publications,Federal State Statistics Service,RUT_ROSSTAT_NATIONAL_ACCOUNTS_2015_2022,https://rosstat.gov.ru/storage/mediabank/Nac-sch_2015-2022.pdf,OFFICIAL_WEB_SOURCE_AUDIT,ACCESS_BLOCKED,,,,,2021,NOT_CONFIRMED_AS_STRICT_S14,NOT_CONFIRMED_AS_P31DC,OFFICIAL_NATIONAL_ACCOUNTS_PUBLICATION,UNKNOWN,UNKNOWN,UNKNOWN,NOT_CONFIRMED_EXCLUDED,NOT_CONFIRMED_EXCLUDED,NOT_CONFIRMED,ACCESS_BLOCKED,AcquisitionError: Acquisition failed for RUT_ROSSTAT_NATIONAL_ACCOUNTS_2015_2022: attempt=1:URLError:<urlopen error [SSL: CERTIFICATE_VERIFY_FAILED] certificate verify failed: unable to get local issuer certificate (_ssl.c:1082)>; attempt=2:URLError:<urlopen error [SSL: CERTIFICATE_VERIFY_FAILED] certificate verify failed: unable to get local issuer certificate (_ssl.c:1082)>; attempt=3:URLError:<urlopen error [SSL: CERTIFICATE_VERIFY_FAILED] certificate verify failed: unable to get local issuer certificate (_ssl.c:1082)>; attempt=4:URLError:<urlopen error [SSL: CERTIFICATE_VERIFY_FAILED] certificate verify failed: unable to get local issuer certificate (_ssl.c:1082)>,ACQUISITION_FAILED_NO_RAW_FILE,
RUT,CP12,official_structured_publications,Federal State Statistics Service,RUT_ROSSTAT_NATIONAL_ACCOUNTS_2015_2022,https://rosstat.gov.ru/storage/mediabank/Nac-sch_2015-2022.pdf,OFFICIAL_WEB_SOURCE_AUDIT,ACCESS_BLOCKED,,,,,2021,NOT_CONFIRMED_AS_STRICT_S14,NOT_CONFIRMED_AS_P31DC,OFFICIAL_NATIONAL_ACCOUNTS_PUBLICATION,UNKNOWN,UNKNOWN,UNKNOWN,NOT_CONFIRMED_EXCLUDED,NOT_CONFIRMED_EXCLUDED,NOT_CONFIRMED,ACCESS_BLOCKED,AcquisitionError: Acquisition failed for RUT_ROSSTAT_NATIONAL_ACCOUNTS_2015_2022: attempt=1:URLError:<urlopen error [SSL: CERTIFICATE_VERIFY_FAILED] certificate verify failed: unable to get local issuer certificate (_ssl.c:1082)>; attempt=2:URLError:<urlopen error [SSL: CERTIFICATE_VERIFY_FAILED] certificate verify failed: unable to get local issuer certificate (_ssl.c:1082)>; attempt=3:URLError:<urlopen error [SSL: CERTIFICATE_VERIFY_FAILED] certificate verify failed: unable to get local issuer certificate (_ssl.c:1082)>; attempt=4:URLError:<urlopen error [SSL: CERTIFICATE_VERIFY_FAILED] certificate verify failed: unable to get local issuer certificate (_ssl.c:1082)>,ACQUISITION_FAILED_NO_RAW_FILE,
RUT,CP04,official_structured_publications,Federal State Statistics Service,RUT_ROSSTAT_SUT_2021_XLSX,https://rosstat.gov.ru/storage/mediabank/Rezultaty_RB_2021.xlsx,OFFICIAL_WEB_SOURCE_AUDIT,ACCESS_BLOCKED,,,,,2021,NOT_CONFIRMED_AS_STRICT_S14,NOT_CONFIRMED_AS_P31DC,SUT_PRODUCT_CLASSIFICATION,UNKNOWN,UNKNOWN,UNKNOWN,NOT_CONFIRMED_EXCLUDED,NOT_CONFIRMED_EXCLUDED,NOT_CONFIRMED,ACCESS_BLOCKED,AcquisitionError: Acquisition failed for RUT_ROSSTAT_SUT_2021_XLSX: attempt=1:URLError:<urlopen error [SSL: CERTIFICATE_VERIFY_FAILED] certificate verify failed: unable to get local issuer certificate (_ssl.c:1082)>; attempt=2:URLError:<urlopen error [SSL: CERTIFICATE_VERIFY_FAILED] certificate verify failed: unable to get local issuer certificate (_ssl.c:1082)>; attempt=3:URLError:<urlopen error [SSL: CERTIFICATE_VERIFY_FAILED] certificate verify failed: unable to get local issuer certificate (_ssl.c:1082)>; attempt=4:URLError:<urlopen error [SSL: CERTIFICATE_VERIFY_FAILED] certificate verify failed: unable to get local issuer certificate (_ssl.c:1082)>,ACQUISITION_FAILED_NO_RAW_FILE,
RUT,CP06,official_structured_publications,Federal State Statistics Service,RUT_ROSSTAT_SUT_2021_XLSX,https://rosstat.gov.ru/storage/mediabank/Rezultaty_RB_2021.xlsx,OFFICIAL_WEB_SOURCE_AUDIT,ACCESS_BLOCKED,,,,,2021,NOT_CONFIRMED_AS_STRICT_S14,NOT_CONFIRMED_AS_P31DC,SUT_PRODUCT_CLASSIFICATION,UNKNOWN,UNKNOWN,UNKNOWN,NOT_CONFIRMED_EXCLUDED,NOT_CONFIRMED_EXCLUDED,NOT_CONFIRMED,ACCESS_BLOCKED,AcquisitionError: Acquisition failed for RUT_ROSSTAT_SUT_2021_XLSX: attempt=1:URLError:<urlopen error [SSL: CERTIFICATE_VERIFY_FAILED] certificate verify failed: unable to get local issuer certificate (_ssl.c:1082)>; attempt=2:URLError:<urlopen error [SSL: CERTIFICATE_VERIFY_FAILED] certificate verify failed: unable to get local issuer certificate (_ssl.c:1082)>; attempt=3:URLError:<urlopen error [SSL: CERTIFICATE_VERIFY_FAILED] certificate verify failed: unable to get local issuer certificate (_ssl.c:1082)>; attempt=4:URLError:<urlopen error [SSL: CERTIFICATE_VERIFY_FAILED] certificate verify failed: unable to get local issuer certificate (_ssl.c:1082)>,ACQUISITION_FAILED_NO_RAW_FILE,
RUT,CP09,official_structured_publications,Federal State Statistics Service,RUT_ROSSTAT_SUT_2021_XLSX,https://rosstat.gov.ru/storage/mediabank/Rezultaty_RB_2021.xlsx,OFFICIAL_WEB_SOURCE_AUDIT,ACCESS_BLOCKED,,,,,2021,NOT_CONFIRMED_AS_STRICT_S14,NOT_CONFIRMED_AS_P31DC,SUT_PRODUCT_CLASSIFICATION,UNKNOWN,UNKNOWN,UNKNOWN,NOT_CONFIRMED_EXCLUDED,NOT_CONFIRMED_EXCLUDED,NOT_CONFIRMED,ACCESS_BLOCKED,AcquisitionError: Acquisition failed for RUT_ROSSTAT_SUT_2021_XLSX: attempt=1:URLError:<urlopen error [SSL: CERTIFICATE_VERIFY_FAILED] certificate verify failed: unable to get local issuer certificate (_ssl.c:1082)>; attempt=2:URLError:<urlopen error [SSL: CERTIFICATE_VERIFY_FAILED] certificate verify failed: unable to get local issuer certificate (_ssl.c:1082)>; attempt=3:URLError:<urlopen error [SSL: CERTIFICATE_VERIFY_FAILED] certificate verify failed: unable to get local issuer certificate (_ssl.c:1082)>; attempt=4:URLError:<urlopen error [SSL: CERTIFICATE_VERIFY_FAILED] certificate verify failed: unable to get local issuer certificate (_ssl.c:1082)>,ACQUISITION_FAILED_NO_RAW_FILE,
RUT,CP10,official_structured_publications,Federal State Statistics Service,RUT_ROSSTAT_SUT_2021_XLSX,https://rosstat.gov.ru/storage/mediabank/Rezultaty_RB_2021.xlsx,OFFICIAL_WEB_SOURCE_AUDIT,ACCESS_BLOCKED,,,,,2021,NOT_CONFIRMED_AS_STRICT_S14,NOT_CONFIRMED_AS_P31DC,SUT_PRODUCT_CLASSIFICATION,UNKNOWN,UNKNOWN,UNKNOWN,NOT_CONFIRMED_EXCLUDED,NOT_CONFIRMED_EXCLUDED,NOT_CONFIRMED,ACCESS_BLOCKED,AcquisitionError: Acquisition failed for RUT_ROSSTAT_SUT_2021_XLSX: attempt=1:URLError:<urlopen error [SSL: CERTIFICATE_VERIFY_FAILED] certificate verify failed: unable to get local issuer certificate (_ssl.c:1082)>; attempt=2:URLError:<urlopen error [SSL: CERTIFICATE_VERIFY_FAILED] certificate verify failed: unable to get local issuer certificate (_ssl.c:1082)>; attempt=3:URLError:<urlopen error [SSL: CERTIFICATE_VERIFY_FAILED] certificate verify failed: unable to get local issuer certificate (_ssl.c:1082)>; attempt=4:URLError:<urlopen error [SSL: CERTIFICATE_VERIFY_FAILED] certificate verify failed: unable to get local issuer certificate (_ssl.c:1082)>,ACQUISITION_FAILED_NO_RAW_FILE,
RUT,CP12,official_structured_publications,Federal State Statistics Service,RUT_ROSSTAT_SUT_2021_XLSX,https://rosstat.gov.ru/storage/mediabank/Rezultaty_RB_2021.xlsx,OFFICIAL_WEB_SOURCE_AUDIT,ACCESS_BLOCKED,,,,,2021,NOT_CONFIRMED_AS_STRICT_S14,NOT_CONFIRMED_AS_P31DC,SUT_PRODUCT_CLASSIFICATION,UNKNOWN,UNKNOWN,UNKNOWN,NOT_CONFIRMED_EXCLUDED,NOT_CONFIRMED_EXCLUDED,NOT_CONFIRMED,ACCESS_BLOCKED,AcquisitionError: Acquisition failed for RUT_ROSSTAT_SUT_2021_XLSX: attempt=1:URLError:<urlopen error [SSL: CERTIFICATE_VERIFY_FAILED] certificate verify failed: unable to get local issuer certificate (_ssl.c:1082)>; attempt=2:URLError:<urlopen error [SSL: CERTIFICATE_VERIFY_FAILED] certificate verify failed: unable to get local issuer certificate (_ssl.c:1082)>; attempt=3:URLError:<urlopen error [SSL: CERTIFICATE_VERIFY_FAILED] certificate verify failed: unable to get local issuer certificate (_ssl.c:1082)>; attempt=4:URLError:<urlopen error [SSL: CERTIFICATE_VERIFY_FAILED] certificate verify failed: unable to get local issuer certificate (_ssl.c:1082)>,ACQUISITION_FAILED_NO_RAW_FILE,
CHN,CP04,official_structured_publications,National Bureau of Statistics of China,CHN_NBS_2021_GDP_FINAL_VERIFICATION,https://www.stats.gov.cn/english/PressRelease/202212/t20221227_1891279.html,OFFICIAL_WEB_SOURCE_AUDIT,ACQUIRED_AGGREGATE_ONLY,200,text/html,HTML_DOCUMENT,158565,2021,TOTAL_ECONOMY_AGGREGATES,GDP_EXPENDITURE_APPROACH_AGGREGATE,NO_HOUSEHOLD_PURPOSE_DIMENSION,CONFIRMED,CNY,100_million_yuan,NOT_EXPOSED_AT_PURPOSE_LEVEL,NOT_EXPOSED_AT_PURPOSE_LEVEL,NOT_EXPOSED_AT_PURPOSE_LEVEL,NO_ADMISSIBLE_SOURCE_FOUND_IN_CURRENT_PROBE,Acquired official Chinese resources did not match the reviewed structural markers for: CHN_NBS_YEARBOOK_2022_INDEX. No source is admitted until the changed content is reviewed.,2026-06-29T19:53:40Z,09f351e3e5d64619b97cf89ac58460062e6147a800c511ba31bbdd0a1bc146e7
CHN,CP06,official_structured_publications,National Bureau of Statistics of China,CHN_NBS_2021_GDP_FINAL_VERIFICATION,https://www.stats.gov.cn/english/PressRelease/202212/t20221227_1891279.html,OFFICIAL_WEB_SOURCE_AUDIT,ACQUIRED_AGGREGATE_ONLY,200,text/html,HTML_DOCUMENT,158565,2021,TOTAL_ECONOMY_AGGREGATES,GDP_EXPENDITURE_APPROACH_AGGREGATE,NO_HOUSEHOLD_PURPOSE_DIMENSION,CONFIRMED,CNY,100_million_yuan,NOT_EXPOSED_AT_PURPOSE_LEVEL,NOT_EXPOSED_AT_PURPOSE_LEVEL,NOT_EXPOSED_AT_PURPOSE_LEVEL,NO_ADMISSIBLE_SOURCE_FOUND_IN_CURRENT_PROBE,Acquired official Chinese resources did not match the reviewed structural markers for: CHN_NBS_YEARBOOK_2022_INDEX. No source is admitted until the changed content is reviewed.,2026-06-29T19:53:40Z,09f351e3e5d64619b97cf89ac58460062e6147a800c511ba31bbdd0a1bc146e7
CHN,CP09,official_structured_publications,National Bureau of Statistics of China,CHN_NBS_2021_GDP_FINAL_VERIFICATION,https://www.stats.gov.cn/english/PressRelease/202212/t20221227_1891279.html,OFFICIAL_WEB_SOURCE_AUDIT,ACQUIRED_AGGREGATE_ONLY,200,text/html,HTML_DOCUMENT,158565,2021,TOTAL_ECONOMY_AGGREGATES,GDP_EXPENDITURE_APPROACH_AGGREGATE,NO_HOUSEHOLD_PURPOSE_DIMENSION,CONFIRMED,CNY,100_million_yuan,NOT_EXPOSED_AT_PURPOSE_LEVEL,NOT_EXPOSED_AT_PURPOSE_LEVEL,NOT_EXPOSED_AT_PURPOSE_LEVEL,NO_ADMISSIBLE_SOURCE_FOUND_IN_CURRENT_PROBE,Acquired official Chinese resources did not match the reviewed structural markers for: CHN_NBS_YEARBOOK_2022_INDEX. No source is admitted until the changed content is reviewed.,2026-06-29T19:53:40Z,09f351e3e5d64619b97cf89ac58460062e6147a800c511ba31bbdd0a1bc146e7
CHN,CP10,official_structured_publications,National Bureau of Statistics of China,CHN_NBS_2021_GDP_FINAL_VERIFICATION,https://www.stats.gov.cn/english/PressRelease/202212/t20221227_1891279.html,OFFICIAL_WEB_SOURCE_AUDIT,ACQUIRED_AGGREGATE_ONLY,200,text/html,HTML_DOCUMENT,158565,2021,TOTAL_ECONOMY_AGGREGATES,GDP_EXPENDITURE_APPROACH_AGGREGATE,NO_HOUSEHOLD_PURPOSE_DIMENSION,CONFIRMED,CNY,100_million_yuan,NOT_EXPOSED_AT_PURPOSE_LEVEL,NOT_EXPOSED_AT_PURPOSE_LEVEL,NOT_EXPOSED_AT_PURPOSE_LEVEL,NO_ADMISSIBLE_SOURCE_FOUND_IN_CURRENT_PROBE,Acquired official Chinese resources did not match the reviewed structural markers for: CHN_NBS_YEARBOOK_2022_INDEX. No source is admitted until the changed content is reviewed.,2026-06-29T19:53:40Z,09f351e3e5d64619b97cf89ac58460062e6147a800c511ba31bbdd0a1bc146e7
CHN,CP12,official_structured_publications,National Bureau of Statistics of China,CHN_NBS_2021_GDP_FINAL_VERIFICATION,https://www.stats.gov.cn/english/PressRelease/202212/t20221227_1891279.html,OFFICIAL_WEB_SOURCE_AUDIT,ACQUIRED_AGGREGATE_ONLY,200,text/html,HTML_DOCUMENT,158565,2021,TOTAL_ECONOMY_AGGREGATES,GDP_EXPENDITURE_APPROACH_AGGREGATE,NO_HOUSEHOLD_PURPOSE_DIMENSION,CONFIRMED,CNY,100_million_yuan,NOT_EXPOSED_AT_PURPOSE_LEVEL,NOT_EXPOSED_AT_PURPOSE_LEVEL,NOT_EXPOSED_AT_PURPOSE_LEVEL,NO_ADMISSIBLE_SOURCE_FOUND_IN_CURRENT_PROBE,Acquired official Chinese resources did not match the reviewed structural markers for: CHN_NBS_YEARBOOK_2022_INDEX. No source is admitted until the changed content is reviewed.,2026-06-29T19:53:40Z,09f351e3e5d64619b97cf89ac58460062e6147a800c511ba31bbdd0a1bc146e7
CHN,CP04,official_structured_publications,National Bureau of Statistics of China,CHN_NBS_2021_HOUSEHOLD_CONSUMPTION,https://www.stats.gov.cn/english/PressRelease/202201/t20220118_1826649.html,OFFICIAL_WEB_SOURCE_AUDIT,ACQUIRED_CLASS_C_SURVEY,200,text/html,HTML_DOCUMENT,153205,2021,HOUSEHOLD_SURVEY_RESPONDENTS,SURVEY_CONSUMPTION_EXPENDITURE_NOT_P31DC,EIGHT_GROUP_SURVEY_CLASSIFICATION,NOMINAL_PER_CAPITA_SURVEY_EXPENDITURE,CNY,yuan_per_capita,OUTSIDE_SURVEY_CONCEPT,OUTSIDE_SURVEY_CONCEPT,SURVEY_NOT_PROVEN_EQUIVALENT_TO_SNA,NO_ADMISSIBLE_SOURCE_FOUND_IN_CURRENT_PROBE,Acquired official Chinese resources did not match the reviewed structural markers for: CHN_NBS_YEARBOOK_2022_INDEX. No source is admitted until the changed content is reviewed.,2026-06-29T19:53:30Z,0caf89164cd8513e51bc8196ea6667d7732cad700e28bba1bd7a9297a291aae1
CHN,CP06,official_structured_publications,National Bureau of Statistics of China,CHN_NBS_2021_HOUSEHOLD_CONSUMPTION,https://www.stats.gov.cn/english/PressRelease/202201/t20220118_1826649.html,OFFICIAL_WEB_SOURCE_AUDIT,ACQUIRED_CLASS_C_SURVEY,200,text/html,HTML_DOCUMENT,153205,2021,HOUSEHOLD_SURVEY_RESPONDENTS,SURVEY_CONSUMPTION_EXPENDITURE_NOT_P31DC,EIGHT_GROUP_SURVEY_CLASSIFICATION,NOMINAL_PER_CAPITA_SURVEY_EXPENDITURE,CNY,yuan_per_capita,OUTSIDE_SURVEY_CONCEPT,OUTSIDE_SURVEY_CONCEPT,SURVEY_NOT_PROVEN_EQUIVALENT_TO_SNA,NO_ADMISSIBLE_SOURCE_FOUND_IN_CURRENT_PROBE,Acquired official Chinese resources did not match the reviewed structural markers for: CHN_NBS_YEARBOOK_2022_INDEX. No source is admitted until the changed content is reviewed.,2026-06-29T19:53:30Z,0caf89164cd8513e51bc8196ea6667d7732cad700e28bba1bd7a9297a291aae1
CHN,CP09,official_structured_publications,National Bureau of Statistics of China,CHN_NBS_2021_HOUSEHOLD_CONSUMPTION,https://www.stats.gov.cn/english/PressRelease/202201/t20220118_1826649.html,OFFICIAL_WEB_SOURCE_AUDIT,ACQUIRED_CLASS_C_SURVEY,200,text/html,HTML_DOCUMENT,153205,2021,HOUSEHOLD_SURVEY_RESPONDENTS,SURVEY_CONSUMPTION_EXPENDITURE_NOT_P31DC,EIGHT_GROUP_SURVEY_CLASSIFICATION,NOMINAL_PER_CAPITA_SURVEY_EXPENDITURE,CNY,yuan_per_capita,OUTSIDE_SURVEY_CONCEPT,OUTSIDE_SURVEY_CONCEPT,SURVEY_NOT_PROVEN_EQUIVALENT_TO_SNA,NO_ADMISSIBLE_SOURCE_FOUND_IN_CURRENT_PROBE,Acquired official Chinese resources did not match the reviewed structural markers for: CHN_NBS_YEARBOOK_2022_INDEX. No source is admitted until the changed content is reviewed.,2026-06-29T19:53:30Z,0caf89164cd8513e51bc8196ea6667d7732cad700e28bba1bd7a9297a291aae1
CHN,CP10,official_structured_publications,National Bureau of Statistics of China,CHN_NBS_2021_HOUSEHOLD_CONSUMPTION,https://www.stats.gov.cn/english/PressRelease/202201/t20220118_1826649.html,OFFICIAL_WEB_SOURCE_AUDIT,ACQUIRED_CLASS_C_SURVEY,200,text/html,HTML_DOCUMENT,153205,2021,HOUSEHOLD_SURVEY_RESPONDENTS,SURVEY_CONSUMPTION_EXPENDITURE_NOT_P31DC,EIGHT_GROUP_SURVEY_CLASSIFICATION,NOMINAL_PER_CAPITA_SURVEY_EXPENDITURE,CNY,yuan_per_capita,OUTSIDE_SURVEY_CONCEPT,OUTSIDE_SURVEY_CONCEPT,SURVEY_NOT_PROVEN_EQUIVALENT_TO_SNA,NO_ADMISSIBLE_SOURCE_FOUND_IN_CURRENT_PROBE,Acquired official Chinese resources did not match the reviewed structural markers for: CHN_NBS_YEARBOOK_2022_INDEX. No source is admitted until the changed content is reviewed.,2026-06-29T19:53:30Z,0caf89164cd8513e51bc8196ea6667d7732cad700e28bba1bd7a9297a291aae1
CHN,CP12,official_structured_publications,National Bureau of Statistics of China,CHN_NBS_2021_HOUSEHOLD_CONSUMPTION,https://www.stats.gov.cn/english/PressRelease/202201/t20220118_1826649.html,OFFICIAL_WEB_SOURCE_AUDIT,ACQUIRED_CLASS_C_SURVEY,200,text/html,HTML_DOCUMENT,153205,2021,HOUSEHOLD_SURVEY_RESPONDENTS,SURVEY_CONSUMPTION_EXPENDITURE_NOT_P31DC,EIGHT_GROUP_SURVEY_CLASSIFICATION,NOMINAL_PER_CAPITA_SURVEY_EXPENDITURE,CNY,yuan_per_capita,OUTSIDE_SURVEY_CONCEPT,OUTSIDE_SURVEY_CONCEPT,SURVEY_NOT_PROVEN_EQUIVALENT_TO_SNA,NO_ADMISSIBLE_SOURCE_FOUND_IN_CURRENT_PROBE,Acquired official Chinese resources did not match the reviewed structural markers for: CHN_NBS_YEARBOOK_2022_INDEX. No source is admitted until the changed content is reviewed.,2026-06-29T19:53:30Z,0caf89164cd8513e51bc8196ea6667d7732cad700e28bba1bd7a9297a291aae1
CHN,CP04,official_structured_publications,National Bureau of Statistics of China,CHN_NBS_YEARBOOK_2022_HOUSEHOLD_SURVEY_NOTES,https://www.stats.gov.cn/sj/ndsj/2022/html/zbe06.pdf,OFFICIAL_WEB_SOURCE_AUDIT,ACQUIRED_NOT_MACHINE_READABLE,200,application/pdf,PDF_SIGNATURE,282490,2021,DOCUMENTATION_OR_INVENTORY_ONLY,NOT_AN_EXACT_DATASET,SURVEY_METHODOLOGY_DOCUMENTATION,NOT_APPLICABLE_OR_NOT_PROVEN,NOT_APPLICABLE,NOT_APPLICABLE,NOT_PROVEN_AT_CATEGORY_LEVEL,NOT_PROVEN_AT_CATEGORY_LEVEL,DOCUMENTATION_ONLY,NO_ADMISSIBLE_SOURCE_FOUND_IN_CURRENT_PROBE,Acquired official Chinese resources did not match the reviewed structural markers for: CHN_NBS_YEARBOOK_2022_INDEX. No source is admitted until the changed content is reviewed.,2026-06-29T19:53:54Z,45b42e98169c3367ec2a647b4603ac99865278153803c80f874617679a92d446
CHN,CP06,official_structured_publications,National Bureau of Statistics of China,CHN_NBS_YEARBOOK_2022_HOUSEHOLD_SURVEY_NOTES,https://www.stats.gov.cn/sj/ndsj/2022/html/zbe06.pdf,OFFICIAL_WEB_SOURCE_AUDIT,ACQUIRED_NOT_MACHINE_READABLE,200,application/pdf,PDF_SIGNATURE,282490,2021,DOCUMENTATION_OR_INVENTORY_ONLY,NOT_AN_EXACT_DATASET,SURVEY_METHODOLOGY_DOCUMENTATION,NOT_APPLICABLE_OR_NOT_PROVEN,NOT_APPLICABLE,NOT_APPLICABLE,NOT_PROVEN_AT_CATEGORY_LEVEL,NOT_PROVEN_AT_CATEGORY_LEVEL,DOCUMENTATION_ONLY,NO_ADMISSIBLE_SOURCE_FOUND_IN_CURRENT_PROBE,Acquired official Chinese resources did not match the reviewed structural markers for: CHN_NBS_YEARBOOK_2022_INDEX. No source is admitted until the changed content is reviewed.,2026-06-29T19:53:54Z,45b42e98169c3367ec2a647b4603ac99865278153803c80f874617679a92d446
CHN,CP09,official_structured_publications,National Bureau of Statistics of China,CHN_NBS_YEARBOOK_2022_HOUSEHOLD_SURVEY_NOTES,https://www.stats.gov.cn/sj/ndsj/2022/html/zbe06.pdf,OFFICIAL_WEB_SOURCE_AUDIT,ACQUIRED_NOT_MACHINE_READABLE,200,application/pdf,PDF_SIGNATURE,282490,2021,DOCUMENTATION_OR_INVENTORY_ONLY,NOT_AN_EXACT_DATASET,SURVEY_METHODOLOGY_DOCUMENTATION,NOT_APPLICABLE_OR_NOT_PROVEN,NOT_APPLICABLE,NOT_APPLICABLE,NOT_PROVEN_AT_CATEGORY_LEVEL,NOT_PROVEN_AT_CATEGORY_LEVEL,DOCUMENTATION_ONLY,NO_ADMISSIBLE_SOURCE_FOUND_IN_CURRENT_PROBE,Acquired official Chinese resources did not match the reviewed structural markers for: CHN_NBS_YEARBOOK_2022_INDEX. No source is admitted until the changed content is reviewed.,2026-06-29T19:53:54Z,45b42e98169c3367ec2a647b4603ac99865278153803c80f874617679a92d446
CHN,CP10,official_structured_publications,National Bureau of Statistics of China,CHN_NBS_YEARBOOK_2022_HOUSEHOLD_SURVEY_NOTES,https://www.stats.gov.cn/sj/ndsj/2022/html/zbe06.pdf,OFFICIAL_WEB_SOURCE_AUDIT,ACQUIRED_NOT_MACHINE_READABLE,200,application/pdf,PDF_SIGNATURE,282490,2021,DOCUMENTATION_OR_INVENTORY_ONLY,NOT_AN_EXACT_DATASET,SURVEY_METHODOLOGY_DOCUMENTATION,NOT_APPLICABLE_OR_NOT_PROVEN,NOT_APPLICABLE,NOT_APPLICABLE,NOT_PROVEN_AT_CATEGORY_LEVEL,NOT_PROVEN_AT_CATEGORY_LEVEL,DOCUMENTATION_ONLY,NO_ADMISSIBLE_SOURCE_FOUND_IN_CURRENT_PROBE,Acquired official Chinese resources did not match the reviewed structural markers for: CHN_NBS_YEARBOOK_2022_INDEX. No source is admitted until the changed content is reviewed.,2026-06-29T19:53:54Z,45b42e98169c3367ec2a647b4603ac99865278153803c80f874617679a92d446
CHN,CP12,official_structured_publications,National Bureau of Statistics of China,CHN_NBS_YEARBOOK_2022_HOUSEHOLD_SURVEY_NOTES,https://www.stats.gov.cn/sj/ndsj/2022/html/zbe06.pdf,OFFICIAL_WEB_SOURCE_AUDIT,ACQUIRED_NOT_MACHINE_READABLE,200,application/pdf,PDF_SIGNATURE,282490,2021,DOCUMENTATION_OR_INVENTORY_ONLY,NOT_AN_EXACT_DATASET,SURVEY_METHODOLOGY_DOCUMENTATION,NOT_APPLICABLE_OR_NOT_PROVEN,NOT_APPLICABLE,NOT_APPLICABLE,NOT_PROVEN_AT_CATEGORY_LEVEL,NOT_PROVEN_AT_CATEGORY_LEVEL,DOCUMENTATION_ONLY,NO_ADMISSIBLE_SOURCE_FOUND_IN_CURRENT_PROBE,Acquired official Chinese resources did not match the reviewed structural markers for: CHN_NBS_YEARBOOK_2022_INDEX. No source is admitted until the changed content is reviewed.,2026-06-29T19:53:54Z,45b42e98169c3367ec2a647b4603ac99865278153803c80f874617679a92d446
CHN,CP04,official_structured_publications,National Bureau of Statistics of China,CHN_NBS_YEARBOOK_2022_INDEX,https://www.stats.gov.cn/sj/ndsj/2022/indexeh.htm,OFFICIAL_WEB_SOURCE_AUDIT,ACQUIRED_REVIEW_REQUIRED,200,text/html,HTML_DOCUMENT,904,2021,DOCUMENTATION_OR_INVENTORY_ONLY,NOT_AN_EXACT_DATASET,YEARBOOK_TABLE_INVENTORY,NOT_APPLICABLE_OR_NOT_PROVEN,NOT_APPLICABLE,NOT_APPLICABLE,NOT_PROVEN_AT_CATEGORY_LEVEL,NOT_PROVEN_AT_CATEGORY_LEVEL,DOCUMENTATION_ONLY,CONCEPT_AMBIGUOUS,Acquired official Chinese resources did not match the reviewed structural markers for: CHN_NBS_YEARBOOK_2022_INDEX. No source is admitted until the changed content is reviewed.,2026-06-29T19:53:32Z,23c0e9b64c38d11bf663a7da8b75f8ac102ad87eb90c788a3936f9d274258686
CHN,CP06,official_structured_publications,National Bureau of Statistics of China,CHN_NBS_YEARBOOK_2022_INDEX,https://www.stats.gov.cn/sj/ndsj/2022/indexeh.htm,OFFICIAL_WEB_SOURCE_AUDIT,ACQUIRED_REVIEW_REQUIRED,200,text/html,HTML_DOCUMENT,904,2021,DOCUMENTATION_OR_INVENTORY_ONLY,NOT_AN_EXACT_DATASET,YEARBOOK_TABLE_INVENTORY,NOT_APPLICABLE_OR_NOT_PROVEN,NOT_APPLICABLE,NOT_APPLICABLE,NOT_PROVEN_AT_CATEGORY_LEVEL,NOT_PROVEN_AT_CATEGORY_LEVEL,DOCUMENTATION_ONLY,CONCEPT_AMBIGUOUS,Acquired official Chinese resources did not match the reviewed structural markers for: CHN_NBS_YEARBOOK_2022_INDEX. No source is admitted until the changed content is reviewed.,2026-06-29T19:53:32Z,23c0e9b64c38d11bf663a7da8b75f8ac102ad87eb90c788a3936f9d274258686
CHN,CP09,official_structured_publications,National Bureau of Statistics of China,CHN_NBS_YEARBOOK_2022_INDEX,https://www.stats.gov.cn/sj/ndsj/2022/indexeh.htm,OFFICIAL_WEB_SOURCE_AUDIT,ACQUIRED_REVIEW_REQUIRED,200,text/html,HTML_DOCUMENT,904,2021,DOCUMENTATION_OR_INVENTORY_ONLY,NOT_AN_EXACT_DATASET,YEARBOOK_TABLE_INVENTORY,NOT_APPLICABLE_OR_NOT_PROVEN,NOT_APPLICABLE,NOT_APPLICABLE,NOT_PROVEN_AT_CATEGORY_LEVEL,NOT_PROVEN_AT_CATEGORY_LEVEL,DOCUMENTATION_ONLY,CONCEPT_AMBIGUOUS,Acquired official Chinese resources did not match the reviewed structural markers for: CHN_NBS_YEARBOOK_2022_INDEX. No source is admitted until the changed content is reviewed.,2026-06-29T19:53:32Z,23c0e9b64c38d11bf663a7da8b75f8ac102ad87eb90c788a3936f9d274258686
CHN,CP10,official_structured_publications,National Bureau of Statistics of China,CHN_NBS_YEARBOOK_2022_INDEX,https://www.stats.gov.cn/sj/ndsj/2022/indexeh.htm,OFFICIAL_WEB_SOURCE_AUDIT,ACQUIRED_REVIEW_REQUIRED,200,text/html,HTML_DOCUMENT,904,2021,DOCUMENTATION_OR_INVENTORY_ONLY,NOT_AN_EXACT_DATASET,YEARBOOK_TABLE_INVENTORY,NOT_APPLICABLE_OR_NOT_PROVEN,NOT_APPLICABLE,NOT_APPLICABLE,NOT_PROVEN_AT_CATEGORY_LEVEL,NOT_PROVEN_AT_CATEGORY_LEVEL,DOCUMENTATION_ONLY,CONCEPT_AMBIGUOUS,Acquired official Chinese resources did not match the reviewed structural markers for: CHN_NBS_YEARBOOK_2022_INDEX. No source is admitted until the changed content is reviewed.,2026-06-29T19:53:32Z,23c0e9b64c38d11bf663a7da8b75f8ac102ad87eb90c788a3936f9d274258686
CHN,CP12,official_structured_publications,National Bureau of Statistics of China,CHN_NBS_YEARBOOK_2022_INDEX,https://www.stats.gov.cn/sj/ndsj/2022/indexeh.htm,OFFICIAL_WEB_SOURCE_AUDIT,ACQUIRED_REVIEW_REQUIRED,200,text/html,HTML_DOCUMENT,904,2021,DOCUMENTATION_OR_INVENTORY_ONLY,NOT_AN_EXACT_DATASET,YEARBOOK_TABLE_INVENTORY,NOT_APPLICABLE_OR_NOT_PROVEN,NOT_APPLICABLE,NOT_APPLICABLE,NOT_PROVEN_AT_CATEGORY_LEVEL,NOT_PROVEN_AT_CATEGORY_LEVEL,DOCUMENTATION_ONLY,CONCEPT_AMBIGUOUS,Acquired official Chinese resources did not match the reviewed structural markers for: CHN_NBS_YEARBOOK_2022_INDEX. No source is admitted until the changed content is reviewed.,2026-06-29T19:53:32Z,23c0e9b64c38d11bf663a7da8b75f8ac102ad87eb90c788a3936f9d274258686
CHN,CP04,official_structured_publications,National Bureau of Statistics of China,CHN_NBS_YEARBOOK_2022_NATIONAL_ACCOUNTS_BRIEF,https://www.stats.gov.cn/sj/ndsj/2022/html/sme03.htm,OFFICIAL_WEB_SOURCE_AUDIT,ACQUIRED_REJECTED_WRONG_YEAR_PRODUCT_IO,200,text/html,HTML_DOCUMENT,8596,2021,MULTIPLE_FINAL_USE_SECTORS,INPUT_OUTPUT_FINAL_USE,PRODUCT_TABLES_NOT_PURPOSES,OFFICIAL_INPUT_OUTPUT_TABLE_FAMILY,CNY,YEARBOOK_TABLE_UNIT,NOT_CONFIRMED_AT_PURPOSE_LEVEL,SEPARATE_FINAL_USE_EXPECTED_NOT_PURPOSE_GATE,NOT_CONFIRMED_AT_PURPOSE_LEVEL,NO_ADMISSIBLE_SOURCE_FOUND_IN_CURRENT_PROBE,Acquired official Chinese resources did not match the reviewed structural markers for: CHN_NBS_YEARBOOK_2022_INDEX. No source is admitted until the changed content is reviewed.,2026-06-29T19:53:34Z,49b051faf47bc4c84d6592b265dd4ee6d3c0baef71528fd944f1f7d3a1558b5f
CHN,CP06,official_structured_publications,National Bureau of Statistics of China,CHN_NBS_YEARBOOK_2022_NATIONAL_ACCOUNTS_BRIEF,https://www.stats.gov.cn/sj/ndsj/2022/html/sme03.htm,OFFICIAL_WEB_SOURCE_AUDIT,ACQUIRED_REJECTED_WRONG_YEAR_PRODUCT_IO,200,text/html,HTML_DOCUMENT,8596,2021,MULTIPLE_FINAL_USE_SECTORS,INPUT_OUTPUT_FINAL_USE,PRODUCT_TABLES_NOT_PURPOSES,OFFICIAL_INPUT_OUTPUT_TABLE_FAMILY,CNY,YEARBOOK_TABLE_UNIT,NOT_CONFIRMED_AT_PURPOSE_LEVEL,SEPARATE_FINAL_USE_EXPECTED_NOT_PURPOSE_GATE,NOT_CONFIRMED_AT_PURPOSE_LEVEL,NO_ADMISSIBLE_SOURCE_FOUND_IN_CURRENT_PROBE,Acquired official Chinese resources did not match the reviewed structural markers for: CHN_NBS_YEARBOOK_2022_INDEX. No source is admitted until the changed content is reviewed.,2026-06-29T19:53:34Z,49b051faf47bc4c84d6592b265dd4ee6d3c0baef71528fd944f1f7d3a1558b5f
CHN,CP09,official_structured_publications,National Bureau of Statistics of China,CHN_NBS_YEARBOOK_2022_NATIONAL_ACCOUNTS_BRIEF,https://www.stats.gov.cn/sj/ndsj/2022/html/sme03.htm,OFFICIAL_WEB_SOURCE_AUDIT,ACQUIRED_REJECTED_WRONG_YEAR_PRODUCT_IO,200,text/html,HTML_DOCUMENT,8596,2021,MULTIPLE_FINAL_USE_SECTORS,INPUT_OUTPUT_FINAL_USE,PRODUCT_TABLES_NOT_PURPOSES,OFFICIAL_INPUT_OUTPUT_TABLE_FAMILY,CNY,YEARBOOK_TABLE_UNIT,NOT_CONFIRMED_AT_PURPOSE_LEVEL,SEPARATE_FINAL_USE_EXPECTED_NOT_PURPOSE_GATE,NOT_CONFIRMED_AT_PURPOSE_LEVEL,NO_ADMISSIBLE_SOURCE_FOUND_IN_CURRENT_PROBE,Acquired official Chinese resources did not match the reviewed structural markers for: CHN_NBS_YEARBOOK_2022_INDEX. No source is admitted until the changed content is reviewed.,2026-06-29T19:53:34Z,49b051faf47bc4c84d6592b265dd4ee6d3c0baef71528fd944f1f7d3a1558b5f
CHN,CP10,official_structured_publications,National Bureau of Statistics of China,CHN_NBS_YEARBOOK_2022_NATIONAL_ACCOUNTS_BRIEF,https://www.stats.gov.cn/sj/ndsj/2022/html/sme03.htm,OFFICIAL_WEB_SOURCE_AUDIT,ACQUIRED_REJECTED_WRONG_YEAR_PRODUCT_IO,200,text/html,HTML_DOCUMENT,8596,2021,MULTIPLE_FINAL_USE_SECTORS,INPUT_OUTPUT_FINAL_USE,PRODUCT_TABLES_NOT_PURPOSES,OFFICIAL_INPUT_OUTPUT_TABLE_FAMILY,CNY,YEARBOOK_TABLE_UNIT,NOT_CONFIRMED_AT_PURPOSE_LEVEL,SEPARATE_FINAL_USE_EXPECTED_NOT_PURPOSE_GATE,NOT_CONFIRMED_AT_PURPOSE_LEVEL,NO_ADMISSIBLE_SOURCE_FOUND_IN_CURRENT_PROBE,Acquired official Chinese resources did not match the reviewed structural markers for: CHN_NBS_YEARBOOK_2022_INDEX. No source is admitted until the changed content is reviewed.,2026-06-29T19:53:34Z,49b051faf47bc4c84d6592b265dd4ee6d3c0baef71528fd944f1f7d3a1558b5f
CHN,CP12,official_structured_publications,National Bureau of Statistics of China,CHN_NBS_YEARBOOK_2022_NATIONAL_ACCOUNTS_BRIEF,https://www.stats.gov.cn/sj/ndsj/2022/html/sme03.htm,OFFICIAL_WEB_SOURCE_AUDIT,ACQUIRED_REJECTED_WRONG_YEAR_PRODUCT_IO,200,text/html,HTML_DOCUMENT,8596,2021,MULTIPLE_FINAL_USE_SECTORS,INPUT_OUTPUT_FINAL_USE,PRODUCT_TABLES_NOT_PURPOSES,OFFICIAL_INPUT_OUTPUT_TABLE_FAMILY,CNY,YEARBOOK_TABLE_UNIT,NOT_CONFIRMED_AT_PURPOSE_LEVEL,SEPARATE_FINAL_USE_EXPECTED_NOT_PURPOSE_GATE,NOT_CONFIRMED_AT_PURPOSE_LEVEL,NO_ADMISSIBLE_SOURCE_FOUND_IN_CURRENT_PROBE,Acquired official Chinese resources did not match the reviewed structural markers for: CHN_NBS_YEARBOOK_2022_INDEX. No source is admitted until the changed content is reviewed.,2026-06-29T19:53:34Z,49b051faf47bc4c84d6592b265dd4ee6d3c0baef71528fd944f1f7d3a1558b5f
CHN,CP04,official_structured_publications,National Bureau of Statistics of China,CHN_NBS_YEARBOOK_2022_NATIONAL_ACCOUNTS_NOTES,https://www.stats.gov.cn/sj/ndsj/2022/html/zbe03.pdf,OFFICIAL_WEB_SOURCE_AUDIT,ACQUIRED_NOT_MACHINE_READABLE,200,application/pdf,PDF_SIGNATURE,423030,2021,DOCUMENTATION_OR_INVENTORY_ONLY,NOT_AN_EXACT_DATASET,METHODOLOGY_DOCUMENTATION,NOT_APPLICABLE_OR_NOT_PROVEN,NOT_APPLICABLE,NOT_APPLICABLE,NOT_PROVEN_AT_CATEGORY_LEVEL,NOT_PROVEN_AT_CATEGORY_LEVEL,DOCUMENTATION_ONLY,NO_ADMISSIBLE_SOURCE_FOUND_IN_CURRENT_PROBE,Acquired official Chinese resources did not match the reviewed structural markers for: CHN_NBS_YEARBOOK_2022_INDEX. No source is admitted until the changed content is reviewed.,2026-06-29T19:53:47Z,8efcbdcb010a534dc9591276ce7533cf527303fa284807276d458a55637559e7
CHN,CP06,official_structured_publications,National Bureau of Statistics of China,CHN_NBS_YEARBOOK_2022_NATIONAL_ACCOUNTS_NOTES,https://www.stats.gov.cn/sj/ndsj/2022/html/zbe03.pdf,OFFICIAL_WEB_SOURCE_AUDIT,ACQUIRED_NOT_MACHINE_READABLE,200,application/pdf,PDF_SIGNATURE,423030,2021,DOCUMENTATION_OR_INVENTORY_ONLY,NOT_AN_EXACT_DATASET,METHODOLOGY_DOCUMENTATION,NOT_APPLICABLE_OR_NOT_PROVEN,NOT_APPLICABLE,NOT_APPLICABLE,NOT_PROVEN_AT_CATEGORY_LEVEL,NOT_PROVEN_AT_CATEGORY_LEVEL,DOCUMENTATION_ONLY,NO_ADMISSIBLE_SOURCE_FOUND_IN_CURRENT_PROBE,Acquired official Chinese resources did not match the reviewed structural markers for: CHN_NBS_YEARBOOK_2022_INDEX. No source is admitted until the changed content is reviewed.,2026-06-29T19:53:47Z,8efcbdcb010a534dc9591276ce7533cf527303fa284807276d458a55637559e7
CHN,CP09,official_structured_publications,National Bureau of Statistics of China,CHN_NBS_YEARBOOK_2022_NATIONAL_ACCOUNTS_NOTES,https://www.stats.gov.cn/sj/ndsj/2022/html/zbe03.pdf,OFFICIAL_WEB_SOURCE_AUDIT,ACQUIRED_NOT_MACHINE_READABLE,200,application/pdf,PDF_SIGNATURE,423030,2021,DOCUMENTATION_OR_INVENTORY_ONLY,NOT_AN_EXACT_DATASET,METHODOLOGY_DOCUMENTATION,NOT_APPLICABLE_OR_NOT_PROVEN,NOT_APPLICABLE,NOT_APPLICABLE,NOT_PROVEN_AT_CATEGORY_LEVEL,NOT_PROVEN_AT_CATEGORY_LEVEL,DOCUMENTATION_ONLY,NO_ADMISSIBLE_SOURCE_FOUND_IN_CURRENT_PROBE,Acquired official Chinese resources did not match the reviewed structural markers for: CHN_NBS_YEARBOOK_2022_INDEX. No source is admitted until the changed content is reviewed.,2026-06-29T19:53:47Z,8efcbdcb010a534dc9591276ce7533cf527303fa284807276d458a55637559e7
CHN,CP10,official_structured_publications,National Bureau of Statistics of China,CHN_NBS_YEARBOOK_2022_NATIONAL_ACCOUNTS_NOTES,https://www.stats.gov.cn/sj/ndsj/2022/html/zbe03.pdf,OFFICIAL_WEB_SOURCE_AUDIT,ACQUIRED_NOT_MACHINE_READABLE,200,application/pdf,PDF_SIGNATURE,423030,2021,DOCUMENTATION_OR_INVENTORY_ONLY,NOT_AN_EXACT_DATASET,METHODOLOGY_DOCUMENTATION,NOT_APPLICABLE_OR_NOT_PROVEN,NOT_APPLICABLE,NOT_APPLICABLE,NOT_PROVEN_AT_CATEGORY_LEVEL,NOT_PROVEN_AT_CATEGORY_LEVEL,DOCUMENTATION_ONLY,NO_ADMISSIBLE_SOURCE_FOUND_IN_CURRENT_PROBE,Acquired official Chinese resources did not match the reviewed structural markers for: CHN_NBS_YEARBOOK_2022_INDEX. No source is admitted until the changed content is reviewed.,2026-06-29T19:53:47Z,8efcbdcb010a534dc9591276ce7533cf527303fa284807276d458a55637559e7
CHN,CP12,official_structured_publications,National Bureau of Statistics of China,CHN_NBS_YEARBOOK_2022_NATIONAL_ACCOUNTS_NOTES,https://www.stats.gov.cn/sj/ndsj/2022/html/zbe03.pdf,OFFICIAL_WEB_SOURCE_AUDIT,ACQUIRED_NOT_MACHINE_READABLE,200,application/pdf,PDF_SIGNATURE,423030,2021,DOCUMENTATION_OR_INVENTORY_ONLY,NOT_AN_EXACT_DATASET,METHODOLOGY_DOCUMENTATION,NOT_APPLICABLE_OR_NOT_PROVEN,NOT_APPLICABLE,NOT_APPLICABLE,NOT_PROVEN_AT_CATEGORY_LEVEL,NOT_PROVEN_AT_CATEGORY_LEVEL,DOCUMENTATION_ONLY,NO_ADMISSIBLE_SOURCE_FOUND_IN_CURRENT_PROBE,Acquired official Chinese resources did not match the reviewed structural markers for: CHN_NBS_YEARBOOK_2022_INDEX. No source is admitted until the changed content is reviewed.,2026-06-29T19:53:47Z,8efcbdcb010a534dc9591276ce7533cf527303fa284807276d458a55637559e7
IDN,*,official_structured_publications,Badan Pusat Statistik,IDN_BPS_GDP_EXPENDITURE_2020_2024,https://www.bps.go.id/en/publication/2025/05/28/2a1c585ebbd574dd91afed67/gross-domestic-product-of-indonesia-by-expenditure--2020-2024.html,REAL_HTTP_OR_EQUIVALENT_ACQUISITION,ACCESS_BLOCKED,,,,,2020-2024,UNKNOWN,UNKNOWN,HFCE_REGROUPED_PUBLICATION,MIXED,IDR,PUBLICATION_TABLES,UNKNOWN,UNKNOWN,UNKNOWN,ACCESS_BLOCKED,AcquisitionError: Acquisition failed for IDN_BPS_GDP_EXPENDITURE_2020_2024: attempt=1:HTTPError:HTTP Error 403: Forbidden; attempt=2:HTTPError:HTTP Error 403: Forbidden; attempt=3:HTTPError:HTTP Error 403: Forbidden; attempt=4:HTTPError:HTTP Error 403: Forbidden,,
IDN,*,official_statistical_database,Badan Pusat Statistik,IDN_BPS_STATISTICS_TABLES_EXPENDITURE,https://www.bps.go.id/en/statistics-table?subject=531,REAL_HTTP_OR_EQUIVALENT_ACQUISITION,ACCESS_BLOCKED,,,,,2021,UNKNOWN,UNKNOWN,BPS_DATABASE_DISCOVERY,UNKNOWN,UNKNOWN,UNKNOWN,UNKNOWN,UNKNOWN,UNKNOWN,ACCESS_BLOCKED,AcquisitionError: Acquisition failed for IDN_BPS_STATISTICS_TABLES_EXPENDITURE: attempt=1:HTTPError:HTTP Error 403: Forbidden; attempt=2:HTTPError:HTTP Error 403: Forbidden; attempt=3:HTTPError:HTTP Error 403: Forbidden; attempt=4:HTTPError:HTTP Error 403: Forbidden,,
IDN,*,official_csv_xls_xlsx,Badan Pusat Statistik,IDN_BPS_NATIONAL_ACCOUNTS_DOWNLOAD_SEARCH,https://www.bps.go.id/en/publication?keyword=gross%20domestic%20product%20expenditure,REAL_HTTP_OR_EQUIVALENT_ACQUISITION,ACCESS_BLOCKED,,,,,2021,UNKNOWN,UNKNOWN,DOWNLOAD_DISCOVERY_ONLY,UNKNOWN,UNKNOWN,UNKNOWN,UNKNOWN,UNKNOWN,UNKNOWN,ACCESS_BLOCKED,AcquisitionError: Acquisition failed for IDN_BPS_NATIONAL_ACCOUNTS_DOWNLOAD_SEARCH: attempt=1:HTTPError:HTTP Error 403: Forbidden; attempt=2:HTTPError:HTTP Error 403: Forbidden; attempt=3:HTTPError:HTTP Error 403: Forbidden; attempt=4:HTTPError:HTTP Error 403: Forbidden,,
IDN,*,official_supply_and_use_tables,Badan Pusat Statistik,IDN_BPS_SUPPLY_USE_TABLES,https://www.bps.go.id/en/publication?keyword=supply%20use%20table,REAL_HTTP_OR_EQUIVALENT_ACQUISITION,ACCESS_BLOCKED,,,,,2021,UNKNOWN,UNKNOWN,SUT_PRODUCT_TABLE_DISCOVERY,UNKNOWN,UNKNOWN,UNKNOWN,UNKNOWN,UNKNOWN,UNKNOWN,ACCESS_BLOCKED,AcquisitionError: Acquisition failed for IDN_BPS_SUPPLY_USE_TABLES: attempt=1:HTTPError:HTTP Error 403: Forbidden; attempt=2:HTTPError:HTTP Error 403: Forbidden; attempt=3:HTTPError:HTTP Error 403: Forbidden; attempt=4:HTTPError:HTTP Error 403: Forbidden,,
IDN,*,official_input_output_tables,Badan Pusat Statistik,IDN_BPS_INPUT_OUTPUT_TABLES,https://www.bps.go.id/en/publication?keyword=input%20output%20table,REAL_HTTP_OR_EQUIVALENT_ACQUISITION,ACCESS_BLOCKED,,,,,2021,UNKNOWN,UNKNOWN,INPUT_OUTPUT_PRODUCT_TABLE_DISCOVERY,UNKNOWN,UNKNOWN,UNKNOWN,UNKNOWN,UNKNOWN,UNKNOWN,ACCESS_BLOCKED,AcquisitionError: Acquisition failed for IDN_BPS_INPUT_OUTPUT_TABLES: attempt=1:HTTPError:HTTP Error 403: Forbidden; attempt=2:HTTPError:HTTP Error 403: Forbidden; attempt=3:HTTPError:HTTP Error 403: Forbidden; attempt=4:HTTPError:HTTP Error 403: Forbidden,,
IDN,*,survey_or_cpi_class_c_only,Badan Pusat Statistik,IDN_BPS_SURVEY_OR_CPI_CLASS_C,https://www.bps.go.id/en/statistics-table?subject=3,REAL_HTTP_OR_EQUIVALENT_ACQUISITION,ACCESS_BLOCKED,,,,,2021,UNKNOWN,UNKNOWN,SURVEY_OR_CPI_CLASS_C_ONLY,UNKNOWN,UNKNOWN,UNKNOWN,UNKNOWN,UNKNOWN,UNKNOWN,ACCESS_BLOCKED,AcquisitionError: Acquisition failed for IDN_BPS_SURVEY_OR_CPI_CLASS_C: attempt=1:HTTPError:HTTP Error 403: Forbidden; attempt=2:HTTPError:HTTP Error 403: Forbidden; attempt=3:HTTPError:HTTP Error 403: Forbidden; attempt=4:HTTPError:HTTP Error 403: Forbidden,,
IDN,*,official_classifications_methodology,Badan Pusat Statistik,IDN_BPS_CLASSIFICATION_METHODOLOGY,https://www.bps.go.id/en/publication?keyword=classification%20coicop,REAL_HTTP_OR_EQUIVALENT_ACQUISITION,ACCESS_BLOCKED,,,,,2021,UNKNOWN,UNKNOWN,CLASSIFICATION_METHODOLOGY_DISCOVERY,UNKNOWN,UNKNOWN,UNKNOWN,UNKNOWN,UNKNOWN,UNKNOWN,ACCESS_BLOCKED,AcquisitionError: Acquisition failed for IDN_BPS_CLASSIFICATION_METHODOLOGY: attempt=1:HTTPError:HTTP Error 403: Forbidden; attempt=2:HTTPError:HTTP Error 403: Forbidden; attempt=3:HTTPError:HTTP Error 403: Forbidden; attempt=4:HTTPError:HTTP Error 403: Forbidden,,
BRA,*,official_national_accounts_api,Instituto Brasileiro de Geografia e Estatistica,BRA_IBGE_SIDRA_CNT_TABLES,https://sidra.ibge.gov.br/pesquisa/cnt/tabelas,REAL_HTTP_OR_EQUIVALENT_ACQUISITION,ACQUIRED_REJECTED,200,text/html; charset=utf-8,HTML_TEXT,50074,2021,NOT_CONFIRMED_AS_STRICT_S14,NOT_CONFIRMED_AS_P31DC,SIDRA_DISCOVERY,UNKNOWN,UNKNOWN,UNKNOWN,NOT_CONFIRMED_EXCLUDED,NOT_CONFIRMED_EXCLUDED,NOT_CONFIRMED,NO_ADMISSIBLE_SOURCE_FOUND_IN_CURRENT_PROBE,SIDRA landing evidence does not pin an exact 2021 household-purpose table.,2026-06-29T19:55:22Z,370363ce118cc4b4c563196665fd2e5e329c5751e820eddad103973aa80a410c
BRA,*,official_structured_publications,Instituto Brasileiro de Geografia e Estatistica,BRA_IBGE_SISTEMA_CONTAS_NACIONAIS,https://www.ibge.gov.br/estatisticas/economicas/contas-nacionais/9052-sistema-de-contas-nacionais-brasil.html,REAL_HTTP_OR_EQUIVALENT_ACQUISITION,ACQUIRED_REJECTED,200,text/html; charset=utf-8,HTML_TEXT,133037,2021,NOT_CONFIRMED_AS_STRICT_S14,NOT_CONFIRMED_AS_P31DC,SCN_PUBLICATION_FAMILY,UNKNOWN,UNKNOWN,UNKNOWN,NOT_CONFIRMED_EXCLUDED,NOT_CONFIRMED_EXCLUDED,NOT_CONFIRMED,NO_ADMISSIBLE_SOURCE_FOUND_IN_CURRENT_PROBE,The SCN publication family does not expose a pinned strict S14/P31DC twelve-purpose table in this probe.,2026-06-29T19:56:14Z,db2ea3a2abc2aca309e5438d12d2794a7dd4217e5a004f6525ad9efec85e85ae
BRA,*,official_statistical_database,Instituto Brasileiro de Geografia e Estatistica,BRA_IBGE_CONTAS_ECONOMICAS_INTEGRADAS,https://www.ibge.gov.br/estatisticas/economicas/contas-nacionais/9052-sistema-de-contas-nacionais-brasil.html?=&t=resultados,REAL_HTTP_OR_EQUIVALENT_ACQUISITION,ACCESS_BLOCKED,,,,,2021,UNKNOWN,UNKNOWN,INSTITUTIONAL_ACCOUNTS,UNKNOWN,UNKNOWN,UNKNOWN,UNKNOWN,UNKNOWN,UNKNOWN,ACCESS_BLOCKED,"AcquisitionError: Acquisition failed for BRA_IBGE_CONTAS_ECONOMICAS_INTEGRADAS: attempt=1:URLError:<urlopen error [WinError 10060] Uma tentativa de ligação falhou porque o componente ligado não respondeu
corretamente após um período de tempo, ou a ligação estabelecida falhou
porque o anfitrião ligado não respondeu>; attempt=2:URLError:<urlopen error [WinError 10060] Uma tentativa de ligação falhou porque o componente ligado não respondeu
corretamente após um período de tempo, ou a ligação estabelecida falhou
porque o anfitrião ligado não respondeu>; attempt=3:URLError:<urlopen error [WinError 10060] Uma tentativa de ligação falhou porque o componente ligado não respondeu
corretamente após um período de tempo, ou a ligação estabelecida falhou
porque o anfitrião ligado não respondeu>; attempt=4:URLError:<urlopen error [WinError 10060] Uma tentativa de ligação falhou porque o componente ligado não respondeu
corretamente após um período de tempo, ou a ligação estabelecida falhou
porque o anfitrião ligado não respondeu>",,
BRA,*,official_supply_and_use_tables,Instituto Brasileiro de Geografia e Estatistica,BRA_IBGE_TABELAS_RECURSOS_USOS,https://www.ibge.gov.br/estatisticas/economicas/contas-nacionais/9052-sistema-de-contas-nacionais-brasil.html?=&t=resultados,REAL_HTTP_OR_EQUIVALENT_ACQUISITION,ACQUIRED_REJECTED,,,HTML_TEXT,133098,2021,NOT_CONFIRMED_AS_STRICT_S14,NOT_CONFIRMED_AS_P31DC,TRU_PRODUCT_TABLES,UNKNOWN,UNKNOWN,UNKNOWN,NOT_CONFIRMED_EXCLUDED,NOT_CONFIRMED_EXCLUDED,NOT_CONFIRMED,NO_ADMISSIBLE_SOURCE_FOUND_IN_CURRENT_PROBE,TRU is product/resource-use evidence; exact COICOP weights would require many-to-many allocation.,2026-06-29T19:59:27Z,2beacdcaeb15322e86a33e27dade90a190f32694ca33b3e1233b9a7435e54348
BRA,*,official_csv_xls_xlsx,Instituto Brasileiro de Geografia e Estatistica,BRA_IBGE_DOWNLOADABLE_SCN_TABLES,https://www.ibge.gov.br/estatisticas/downloads-estatisticas.html,REAL_HTTP_OR_EQUIVALENT_ACQUISITION,ACQUIRED_REJECTED,,,HTML_TEXT,66214,2021,NOT_CONFIRMED_AS_STRICT_S14,NOT_CONFIRMED_AS_P31DC,DOWNLOAD_DISCOVERY_ONLY,UNKNOWN,UNKNOWN,UNKNOWN,NOT_CONFIRMED_EXCLUDED,NOT_CONFIRMED_EXCLUDED,NOT_CONFIRMED,NO_ADMISSIBLE_SOURCE_FOUND_IN_CURRENT_PROBE,A downloads page is not a pinned exact dataset.,2026-06-29T20:01:03Z,555e489b6fd8b488ebd09e7cfb4d914bb5af89bd009e06c162c9f3efbf33c75f
BRA,*,survey_or_cpi_class_c_only,Instituto Brasileiro de Geografia e Estatistica,BRA_IBGE_POF_IPCA_CLASS_C,https://www.ibge.gov.br/estatisticas/sociais/populacao/24786-pesquisa-de-orcamentos-familiares-2.html,REAL_HTTP_OR_EQUIVALENT_ACQUISITION,ACCESS_BLOCKED,,,,,2021,UNKNOWN,UNKNOWN,SURVEY_OR_CPI_CLASS_C_ONLY,UNKNOWN,UNKNOWN,UNKNOWN,UNKNOWN,UNKNOWN,UNKNOWN,ACCESS_BLOCKED,"AcquisitionError: Acquisition failed for BRA_IBGE_POF_IPCA_CLASS_C: attempt=1:URLError:<urlopen error [WinError 10060] Uma tentativa de ligação falhou porque o componente ligado não respondeu
corretamente após um período de tempo, ou a ligação estabelecida falhou
porque o anfitrião ligado não respondeu>; attempt=2:URLError:<urlopen error [WinError 10060] Uma tentativa de ligação falhou porque o componente ligado não respondeu
corretamente após um período de tempo, ou a ligação estabelecida falhou
porque o anfitrião ligado não respondeu>; attempt=3:URLError:<urlopen error [WinError 10060] Uma tentativa de ligação falhou porque o componente ligado não respondeu
corretamente após um período de tempo, ou a ligação estabelecida falhou
porque o anfitrião ligado não respondeu>; attempt=4:URLError:<urlopen error [WinError 10060] Uma tentativa de ligação falhou porque o componente ligado não respondeu
corretamente após um período de tempo, ou a ligação estabelecida falhou
porque o anfitrião ligado não respondeu>",,
BRA,*,official_classifications_methodology,Instituto Brasileiro de Geografia e Estatistica,BRA_IBGE_CLASSIFICACOES_METODOLOGIA,https://www.ibge.gov.br/estatisticas/metodos-e-classificacoes/classificacoes-e-listas-estatisticas.html,REAL_HTTP_OR_EQUIVALENT_ACQUISITION,SOURCE_CONTENT_REVIEW_REQUIRED,200,text/html; charset=utf-8,HTML_TEXT,72281,2021,NOT_CONFIRMED_AS_STRICT_S14,NOT_CONFIRMED_AS_P31DC,METHODOLOGY_DOCUMENTATION,UNKNOWN,UNKNOWN,UNKNOWN,NOT_CONFIRMED_EXCLUDED,NOT_CONFIRMED_EXCLUDED,NOT_CONFIRMED,CONCEPT_AMBIGUOUS,Methodology documentation does not itself supply expenditure values.,2026-06-29T20:03:29Z,3a891b7b609501a39bd286a760d746dc9f2733a9c7f18891f6bc22a73919beea
EGY,*,official_statistical_database,Central Agency for Public Mobilization and Statistics,EGY_CAPMAS_NATIONAL_ACCOUNTS_CATALOG,https://censusinfo.capmas.gov.eg/Metadata-en-v4.2/index.php/catalog/National_Accounts?reset=reset,REAL_HTTP_OR_EQUIVALENT_ACQUISITION,ACQUIRED_REJECTED,200,text/html; charset=UTF-8,HTML_TEXT,38384,2021,NOT_CONFIRMED_AS_STRICT_S14,NOT_CONFIRMED_AS_P31DC,CATALOGUE_INVENTORY,UNKNOWN,EGP,UNKNOWN,NOT_CONFIRMED_EXCLUDED,NOT_CONFIRMED_EXCLUDED,NOT_CONFIRMED,NO_ADMISSIBLE_SOURCE_FOUND_IN_CURRENT_PROBE,The official catalogue inventory lists historical SUT and input-output studies but no 2021 twelve-purpose S14/P31 table.,2026-06-29T20:03:30Z,80052547d52f3801cee5096592af5d6c800ecbb9f8cbf292e14fdb7a8198e535
EGY,*,official_csv_xls_xlsx,Central Agency for Public Mobilization and Statistics,EGY_CAPMAS_NATIONAL_ACCOUNTS_EXPORT_CSV,https://censusinfo.capmas.gov.eg/Metadata-en-v4.2/index.php/catalog/export/csv?collection%5B%5D=National_Accounts&ps=5000,REAL_HTTP_OR_EQUIVALENT_ACQUISITION,ACQUIRED_REJECTED,200,text/csv;charset=UTF-8,CSV_TEXT,2347,2021,NOT_CONFIRMED_AS_STRICT_S14,NOT_CONFIRMED_AS_P31DC,CATALOGUE_INVENTORY_CSV,UNKNOWN,EGP,UNKNOWN,NOT_CONFIRMED_EXCLUDED,NOT_CONFIRMED_EXCLUDED,NOT_CONFIRMED,NO_ADMISSIBLE_SOURCE_FOUND_IN_CURRENT_PROBE,"The CSV is an inventory, not expenditure values, and does not identify a 2021 exact-purpose table.",2026-06-29T20:03:30Z,dd4c1a3bcf31154dbfaabe65b60eb6f5a3be76fd6d9a6e36727981df1ab01eb9
EGY,*,official_supply_and_use_tables,Central Agency for Public Mobilization and Statistics,EGY_CAPMAS_SUT_2017_2018_METHOD,https://censusinfo.capmas.gov.eg/Metadata-en-v4.2/index.php/catalog/518/study-description,REAL_HTTP_OR_EQUIVALENT_ACQUISITION,ACQUIRED_REJECTED,200,text/html; charset=UTF-8,HTML_TEXT,22733,2017-18,NOT_CONFIRMED_AS_STRICT_S14,NOT_CONFIRMED_AS_P31DC,SUT_PRODUCT_ACTIVITY_TABLES,true,EGP,OFFICIAL_SUT,NOT_CONFIRMED_EXCLUDED,NOT_CONFIRMED_EXCLUDED,NOT_CONFIRMED,NO_ADMISSIBLE_SOURCE_FOUND_IN_CURRENT_PROBE,"The SUT benchmark is 2017/2018 and organised by products and activities, not a 2021 twelve-purpose table.",2026-06-29T20:03:31Z,7b1ef570ba116f1a85f9722653a39d44fb925fa656d3c82dd7f4c47f80c006cf
EGY,*,survey_or_cpi_class_c_only,Central Agency for Public Mobilization and Statistics,EGY_CAPMAS_HIECS_2021,https://www.censusinfo.capmas.gov.eg/metadata-en-v4.2/index.php/catalog/747/overview,REAL_HTTP_OR_EQUIVALENT_ACQUISITION,ACCESS_BLOCKED,,,,,2021,HOUSEHOLD_SURVEY,NOT_SNA_P31,HIECS_HOUSEHOLD_SURVEY,true,EGP,SURVEY_MICRODATA,SURVEY_OUT_OF_SCOPE,SURVEY_OUT_OF_SCOPE,UNKNOWN,ACCESS_BLOCKED,"AcquisitionError: Acquisition failed for EGY_CAPMAS_HIECS_2021: attempt=1:URLError:<urlopen error [SSL: CERTIFICATE_VERIFY_FAILED] certificate verify failed: Hostname mismatch, certificate is not valid for 'www.censusinfo.capmas.gov.eg'. (_ssl.c:1082)>; attempt=2:URLError:<urlopen error [SSL: CERTIFICATE_VERIFY_FAILED] certificate verify failed: Hostname mismatch, certificate is not valid for 'www.censusinfo.capmas.gov.eg'. (_ssl.c:1082)>; attempt=3:URLError:<urlopen error [SSL: CERTIFICATE_VERIFY_FAILED] certificate verify failed: Hostname mismatch, certificate is not valid for 'www.censusinfo.capmas.gov.eg'. (_ssl.c:1082)>; attempt=4:URLError:<urlopen error [SSL: CERTIFICATE_VERIFY_FAILED] certificate verify failed: Hostname mismatch, certificate is not valid for 'www.censusinfo.capmas.gov.eg'. (_ssl.c:1082)>",,
EGY,*,official_structured_publications,Central Agency for Public Mobilization and Statistics,EGY_CAPMAS_CENTRAL_DATA_CATALOG,https://www.censusinfo.capmas.gov.eg/Metadata-en-v4.2/index.php/catalog/?sort_by=titl&sort_order=desc,REAL_HTTP_OR_EQUIVALENT_ACQUISITION,ACCESS_BLOCKED,,,,,2021,UNKNOWN,UNKNOWN,DISCOVERY_CATALOGUE,UNKNOWN,UNKNOWN,UNKNOWN,UNKNOWN,UNKNOWN,UNKNOWN,ACCESS_BLOCKED,"AcquisitionError: Acquisition failed for EGY_CAPMAS_CENTRAL_DATA_CATALOG: attempt=1:URLError:<urlopen error [SSL: CERTIFICATE_VERIFY_FAILED] certificate verify failed: Hostname mismatch, certificate is not valid for 'www.censusinfo.capmas.gov.eg'. (_ssl.c:1082)>; attempt=2:URLError:<urlopen error [SSL: CERTIFICATE_VERIFY_FAILED] certificate verify failed: Hostname mismatch, certificate is not valid for 'www.censusinfo.capmas.gov.eg'. (_ssl.c:1082)>; attempt=3:URLError:<urlopen error [SSL: CERTIFICATE_VERIFY_FAILED] certificate verify failed: Hostname mismatch, certificate is not valid for 'www.censusinfo.capmas.gov.eg'. (_ssl.c:1082)>; attempt=4:URLError:<urlopen error [SSL: CERTIFICATE_VERIFY_FAILED] certificate verify failed: Hostname mismatch, certificate is not valid for 'www.censusinfo.capmas.gov.eg'. (_ssl.c:1082)>",,
PAK,*,official_structured_publications,Pakistan Bureau of Statistics,PAK_PBS_NATIONAL_ACCOUNTS_PAGE,https://www.pbs.gov.pk/national-accounts-2/,REAL_HTTP_OR_EQUIVALENT_ACQUISITION,ACQUIRED_REJECTED,200,text/html; charset=UTF-8,HTML_TEXT,395606,2021-22,HOUSEHOLDS_AGGREGATE,HFCE_AGGREGATE,SNA_2008_AGGREGATE_EXPENDITURE,true,PKR,OFFICIAL_NATIONAL_ACCOUNTS_UNIT,SEPARATE_IN_METHODOLOGY_NOT_IN_PURPOSE_TABLE,SEPARATE_AGGREGATE,NOT_CONFIRMED,NO_ADMISSIBLE_SOURCE_FOUND_IN_CURRENT_PROBE,The national-accounts portal confirms aggregate expenditure-GDP series but does not expose HFCE by twelve household purposes.,2026-06-29T20:04:06Z,a806cd8cf864d4c38fbf7842c198c43ae09d24c79ba0635ed5a00c8a02fecd23
PAK,*,official_csv_xls_xlsx,Pakistan Bureau of Statistics,PAK_PBS_NATIONAL_ACCOUNTS_XLSX,https://www.pbs.gov.pk/wp-content/uploads/2020/07/National-Accounts-Annual-Tables-2024-25-Updated-March-2026.xlsx,REAL_HTTP_OR_EQUIVALENT_ACQUISITION,ACQUIRED_REJECTED,200,application/vnd.openxmlformats-officedocument.spreadsheetml.sheet,ZIP_OR_OOXML,235853,2021-22,HOUSEHOLDS_AGGREGATE,HFCE_AGGREGATE,SNA_2008_AGGREGATE_EXPENDITURE_XLSX,true,PKR,million rupees,SEPARATE_AGGREGATE,SEPARATE_AGGREGATE,NOT_CONFIRMED,NO_ADMISSIBLE_SOURCE_FOUND_IN_CURRENT_PROBE,"The workbook supplies aggregate HFCE for fiscal 2021-22, not calendar-2021 expenditure by twelve purposes.",2026-06-29T20:04:17Z,dd77cb5858080e06a565cee5521593ccfccf9eebd164e040bba3f2cb10e240ef
PAK,*,official_classifications_methodology,Pakistan Bureau of Statistics,PAK_PBS_NATIONAL_ACCOUNTS_FAQ,https://www.pbs.gov.pk/docs/national-accounts/,REAL_HTTP_OR_EQUIVALENT_ACQUISITION,ACQUIRED_REJECTED,200,text/html; charset=UTF-8,HTML_TEXT,464364,METHODOLOGY,HOUSEHOLDS_AGGREGATE,HFCE_AGGREGATE,SNA_2008_METHODOLOGY,true,PKR,UNKNOWN,NOT_CONFIRMED_EXCLUDED,NOT_CONFIRMED_EXCLUDED,NOT_CONFIRMED,NO_ADMISSIBLE_SOURCE_FOUND_IN_CURRENT_PROBE,The methodology confirms aggregate household final consumption as a GDP component but no purpose-classified table.,2026-06-29T20:04:20Z,d30f2c43bdb2bda298ba323bc013bc16a1852d14bfccbe0792cd751344ec2766
PAK,*,survey_or_cpi_class_c_only,Pakistan Bureau of Statistics,PAK_PBS_HIES_2018_19,https://www.pbs.gov.pk/hies/,REAL_HTTP_OR_EQUIVALENT_ACQUISITION,ACQUIRED_REJECTED,200,text/html; charset=UTF-8,HTML_TEXT,641310,2018-19,HOUSEHOLD_SURVEY,NOT_SNA_P31,HIES_COICOP_HOUSEHOLD_SURVEY,true,PKR,survey household expenditure,OUTSIDE_SURVEY_SCOPE,OUTSIDE_SURVEY_SCOPE,NOT_CONFIRMED,NO_ADMISSIBLE_SOURCE_FOUND_IN_CURRENT_PROBE,"HIES provides COICOP household-survey shares for 2018-19, not national-accounts S14/P31 values for 2021.",2026-06-29T20:04:24Z,17097176e63ea179417be6f2695cb113d29ef5198b7ec50bc5b326650a56f0f9
PAK,*,official_structured_publications,Pakistan Bureau of Statistics,PAK_PBS_NATIONAL_ACCOUNTS_METHODOLOGY_PDF,https://www.pbs.gov.pk/wp-content/uploads/2020/07/National-Accounts-of-Pakistan-Backward-Revisions-for-the-Years-1999-2000-to-2014-15-on-the-base-year-2015-16.pdf,REAL_HTTP_OR_EQUIVALENT_ACQUISITION,ACQUIRED_REJECTED,200,application/pdf,PDF,2886389,METHODOLOGY,HOUSEHOLDS_AND_NPISH_SEPARATELY_DESCRIBED,HFCE_AND_NPISH_AGGREGATES,OFFICIAL_METHODOLOGY_PDF,true,PKR,UNKNOWN,NOT_CONFIRMED_EXCLUDED,NOT_CONFIRMED_EXCLUDED,NOT_CONFIRMED,NO_ADMISSIBLE_SOURCE_FOUND_IN_CURRENT_PROBE,The methodology documents separate aggregate HFCE and NPISH compilation but is not a purpose-classified 2021 dataset.,2026-06-29T20:05:27Z,4092c90960ed1afeb68b56694e4a9dd021a7696e6a28bbe280316aeb03c25c66
NGA,*,official_structured_publications,National Bureau of Statistics,NGA_NBS_ELIBRARY_REPORT_PAGE,https://www.nigerianstat.gov.ng/elibrary/read/1241168,REAL_HTTP_OR_EQUIVALENT_ACQUISITION,ACQUIRED_REJECTED,200,text/html; charset=UTF-8,HTML_TEXT,138883,2021,HOUSEHOLDS_AGGREGATE,HFCE_AGGREGATE,SNA_AGGREGATE_EXPENDITURE,partly_nominal_and_real,NGN,OFFICIAL_REPORT_UNIT,SEPARATE_AGGREGATE_IN_EXPENDITURE_ACCOUNTS,SEPARATE_AGGREGATE,NOT_CONFIRMED,NO_ADMISSIBLE_SOURCE_FOUND_IN_CURRENT_PROBE,The official 2021 expenditure-GDP release reports household consumption only as an aggregate component.,2026-06-29T20:05:29Z,3157770c626a24ba192c25d1529f5fefd11ca74a37e14074f493f0b2291ec4f6
NGA,*,official_csv_xls_xlsx,National Bureau of Statistics,NGA_NBS_GDP_EXPENDITURE_2021_PDF,https://www.nigerianstat.gov.ng/pdfuploads/Expenditure%20Report%20Revised_Q2%202020%20-Q3%202021%20and%20Provisional%20Q4%202021.pdf,REAL_HTTP_OR_EQUIVALENT_ACQUISITION,ACQUIRED_REJECTED,200,application/pdf,PDF,3065052,2021,HOUSEHOLDS_AGGREGATE,HFCE_AGGREGATE,SNA_AGGREGATE_EXPENDITURE_PDF,partly_nominal_and_real,NGN,OFFICIAL_REPORT_UNIT,SEPARATE_AGGREGATE,SEPARATE_AGGREGATE,NOT_CONFIRMED,NO_ADMISSIBLE_SOURCE_FOUND_IN_CURRENT_PROBE,The official PDF preserves the 2021 aggregate expenditure evidence but does not provide a machine-readable twelve-purpose table.,2026-06-29T20:05:31Z,ee31ba8f1ab7dbceabf7a23d4142317b8901a1cdd7ae82cf58c88e314b1fbaed
NGA,*,survey_or_cpi_class_c_only,National Bureau of Statistics,NGA_NBS_CONSUMPTION_PATTERN_2019,https://www.nigerianstat.gov.ng/elibrary/read/1094,REAL_HTTP_OR_EQUIVALENT_ACQUISITION,ACQUIRED_REJECTED,200,text/html; charset=UTF-8,HTML_TEXT,137351,2019,HOUSEHOLD_SURVEY,NOT_SNA_P31,HOUSEHOLD_SURVEY_CONSUMPTION_PATTERN,true,NGN,survey expenditure,OUTSIDE_SURVEY_SCOPE,OUTSIDE_SURVEY_SCOPE,NOT_CONFIRMED,NO_ADMISSIBLE_SOURCE_FOUND_IN_CURRENT_PROBE,"The 2019 household-consumption study is survey evidence, has the wrong period and does not constitute national-accounts S14/P31 by twelve purposes.",2026-06-29T20:05:33Z,60ae5c8db1046ef7d7b62942106c2f872095915af3b660274c0dbc1b9a4a86b2
NGA,*,official_statistical_database,National Bureau of Statistics,NGA_NBS_ELIBRARY,https://nigerianstat.gov.ng/elibrary,REAL_HTTP_OR_EQUIVALENT_ACQUISITION,ACQUIRED_REJECTED,200,text/html; charset=UTF-8,HTML_TEXT,1944462,2021,NOT_CONFIRMED_AS_STRICT_S14,NOT_CONFIRMED_AS_P31DC,DISCOVERY_CATALOGUE,UNKNOWN,UNKNOWN,UNKNOWN,NOT_CONFIRMED_EXCLUDED,NOT_CONFIRMED_EXCLUDED,NOT_CONFIRMED,NO_ADMISSIBLE_SOURCE_FOUND_IN_CURRENT_PROBE,The portal is source-discovery evidence and not itself an exact dataset.,2026-06-29T20:05:35Z,c93d093bb082911e892599d4fe16e99aaf570a44d70462670151d7f3f9a52d43
BGD,*,official_statistical_database,Bangladesh Bureau of Statistics,BGD_BBS_NSDS_PORTAL,https://nsds.bbs.gov.bd/,REAL_HTTP_OR_EQUIVALENT_ACQUISITION,ACCESS_BLOCKED,,,,,2021,AGGREGATE_NATIONAL_ACCOUNTS,GDP_AGGREGATE,AGGREGATE_STATISTICAL_PORTAL,partly,BDT,million bdt,UNKNOWN,UNKNOWN,UNKNOWN,ACCESS_BLOCKED,"AcquisitionError: Acquisition failed for BGD_BBS_NSDS_PORTAL: attempt=1:URLError:<urlopen error [WinError 10060] Uma tentativa de ligação falhou porque o componente ligado não respondeu
corretamente após um período de tempo, ou a ligação estabelecida falhou
porque o anfitrião ligado não respondeu>; attempt=2:URLError:<urlopen error [WinError 10060] Uma tentativa de ligação falhou porque o componente ligado não respondeu
corretamente após um período de tempo, ou a ligação estabelecida falhou
porque o anfitrião ligado não respondeu>; attempt=3:URLError:<urlopen error [WinError 10060] Uma tentativa de ligação falhou porque o componente ligado não respondeu
corretamente após um período de tempo, ou a ligação estabelecida falhou
porque o anfitrião ligado não respondeu>; attempt=4:URLError:<urlopen error [WinError 10060] Uma tentativa de ligação falhou porque o componente ligado não respondeu
corretamente após um período de tempo, ou a ligação estabelecida falhou
porque o anfitrião ligado não respondeu>",,
BGD,*,official_structured_publications,Bangladesh Bureau of Statistics,BGD_BBS_RELEASE_CALENDAR_NATIONAL_ACCOUNTS,https://nsds.bbs.gov.bd/en/release-calendar,REAL_HTTP_OR_EQUIVALENT_ACQUISITION,ACCESS_BLOCKED,,,,,2021,MULTIPLE,PUBLICATION_INVENTORY,PUBLICATION_INVENTORY,unknown,BDT,UNKNOWN,UNKNOWN,UNKNOWN,UNKNOWN,ACCESS_BLOCKED,"AcquisitionError: Acquisition failed for BGD_BBS_RELEASE_CALENDAR_NATIONAL_ACCOUNTS: attempt=1:URLError:<urlopen error [WinError 10060] Uma tentativa de ligação falhou porque o componente ligado não respondeu
corretamente após um período de tempo, ou a ligação estabelecida falhou
porque o anfitrião ligado não respondeu>; attempt=2:URLError:<urlopen error [WinError 10060] Uma tentativa de ligação falhou porque o componente ligado não respondeu
corretamente após um período de tempo, ou a ligação estabelecida falhou
porque o anfitrião ligado não respondeu>; attempt=3:URLError:<urlopen error [WinError 10060] Uma tentativa de ligação falhou porque o componente ligado não respondeu
corretamente após um período de tempo, ou a ligação estabelecida falhou
porque o anfitrião ligado não respondeu>; attempt=4:URLError:<urlopen error [WinError 10060] Uma tentativa de ligação falhou porque o componente ligado não respondeu
corretamente após um período de tempo, ou a ligação estabelecida falhou
porque o anfitrião ligado não respondeu>",,
BGD,*,survey_or_cpi_class_c_only,Bangladesh Bureau of Statistics,BGD_BBS_HIES_DOCUMENTATION,https://nsds.bbs.gov.bd/en/posts/85/Survey%20documentation%20for%20the%20Household%20Income%20and%20Expenditure%20Survey,REAL_HTTP_OR_EQUIVALENT_ACQUISITION,ACCESS_BLOCKED,,,,,2022,HOUSEHOLD_SURVEY,NOT_SNA_P31,HIES_HOUSEHOLD_SURVEY,true,BDT,survey household expenditure,OUTSIDE_SURVEY_SCOPE,OUTSIDE_SURVEY_SCOPE,UNKNOWN,ACCESS_BLOCKED,"AcquisitionError: Acquisition failed for BGD_BBS_HIES_DOCUMENTATION: attempt=1:URLError:<urlopen error [WinError 10060] Uma tentativa de ligação falhou porque o componente ligado não respondeu
corretamente após um período de tempo, ou a ligação estabelecida falhou
porque o anfitrião ligado não respondeu>; attempt=2:URLError:<urlopen error [WinError 10060] Uma tentativa de ligação falhou porque o componente ligado não respondeu
corretamente após um período de tempo, ou a ligação estabelecida falhou
porque o anfitrião ligado não respondeu>; attempt=3:URLError:<urlopen error [WinError 10060] Uma tentativa de ligação falhou porque o componente ligado não respondeu
corretamente após um período de tempo, ou a ligação estabelecida falhou
porque o anfitrião ligado não respondeu>; attempt=4:URLError:<urlopen error [WinError 10060] Uma tentativa de ligação falhou porque o componente ligado não respondeu
corretamente após um período de tempo, ou a ligação estabelecida falhou
porque o anfitrião ligado não respondeu>",,
BGD,*,official_structured_publications,Bangladesh Bureau of Statistics,BGD_BBS_HIES_2022_FINAL_REPORT_PAGE,https://nsds.bbs.gov.bd/en/posts/161/Final%20Report%20of%20Household%20Income%20and%20Expenditure%20Survey%20%28HIES%29%202016,REAL_HTTP_OR_EQUIVALENT_ACQUISITION,ACCESS_BLOCKED,,,,,2022,HOUSEHOLD_SURVEY,NOT_SNA_P31,HIES_2022_PUBLICATION,true,BDT,survey report,UNKNOWN,UNKNOWN,UNKNOWN,ACCESS_BLOCKED,"AcquisitionError: Acquisition failed for BGD_BBS_HIES_2022_FINAL_REPORT_PAGE: attempt=1:URLError:<urlopen error [WinError 10060] Uma tentativa de ligação falhou porque o componente ligado não respondeu
corretamente após um período de tempo, ou a ligação estabelecida falhou
porque o anfitrião ligado não respondeu>; attempt=2:URLError:<urlopen error [WinError 10060] Uma tentativa de ligação falhou porque o componente ligado não respondeu
corretamente após um período de tempo, ou a ligação estabelecida falhou
porque o anfitrião ligado não respondeu>; attempt=3:URLError:<urlopen error [WinError 10060] Uma tentativa de ligação falhou porque o componente ligado não respondeu
corretamente após um período de tempo, ou a ligação estabelecida falhou
porque o anfitrião ligado não respondeu>; attempt=4:URLError:<urlopen error [WinError 10060] Uma tentativa de ligação falhou porque o componente ligado não respondeu
corretamente após um período de tempo, ou a ligação estabelecida falhou
porque o anfitrião ligado não respondeu>",,
BGD,*,official_structured_publications,Bangladesh Bureau of Statistics,BGD_BBS_PORTAL,https://bbs.portal.gov.bd/,REAL_HTTP_OR_EQUIVALENT_ACQUISITION,ACCESS_BLOCKED,,,,,2021,UNKNOWN,UNKNOWN,DISCOVERY_PORTAL,UNKNOWN,UNKNOWN,UNKNOWN,UNKNOWN,UNKNOWN,UNKNOWN,ACCESS_BLOCKED,AcquisitionError: Acquisition failed for BGD_BBS_PORTAL: attempt=1:URLError:<urlopen error [SSL: CERTIFICATE_VERIFY_FAILED] certificate verify failed: self-signed certificate (_ssl.c:1082)>; attempt=2:URLError:<urlopen error [SSL: CERTIFICATE_VERIFY_FAILED] certificate verify failed: self-signed certificate (_ssl.c:1082)>; attempt=3:URLError:<urlopen error [SSL: CERTIFICATE_VERIFY_FAILED] certificate verify failed: self-signed certificate (_ssl.c:1082)>; attempt=4:URLError:<urlopen error [SSL: CERTIFICATE_VERIFY_FAILED] certificate verify failed: self-signed certificate (_ssl.c:1082)>,,
VNM,*,official_statistical_database,National Statistics Office of Viet Nam,VNM_NSO_STATISTICAL_DATA_PORTAL,https://www.nso.gov.vn/en/statistical-data/,REAL_HTTP_OR_EQUIVALENT_ACQUISITION,ACQUIRED_REJECTED,200,text/html; charset=UTF-8,HTML_TEXT,177211,2021,NOT_CONFIRMED_AS_STRICT_S14,NOT_CONFIRMED_AS_P31DC,STATISTICAL_TABLE_CATALOGUE,UNKNOWN,VND,UNKNOWN,NOT_CONFIRMED_EXCLUDED,NOT_CONFIRMED_EXCLUDED,NOT_CONFIRMED,NO_ADMISSIBLE_SOURCE_FOUND_IN_CURRENT_PROBE,The official statistical-data catalogue does not itself provide a pinned 2021 S14/P31 twelve-purpose table.,2026-06-29T20:12:16Z,5e1462e0f33545426127aa1b1aa31a1e8ff76f6f5913733e80e034568141c5dd
VNM,*,official_structured_publications,National Statistics Office of Viet Nam,VNM_NSO_SOCIO_ECONOMIC_2021,https://www.nso.gov.vn/en/data-and-statistics/2022/01/socio-economic-situation-in-the-fourth-quarter-and-2021/,REAL_HTTP_OR_EQUIVALENT_ACQUISITION,ACQUIRED_REJECTED,200,text/html; charset=UTF-8,HTML_TEXT,186437,2021,ALL_FINAL_CONSUMPTION_AGGREGATE,FINAL_CONSUMPTION_AGGREGATE,GDP_USE_AGGREGATE_RELEASE,false_growth_rate_only,VND,growth rate,NOT_CONFIRMED_EXCLUDED,NOT_CONFIRMED_EXCLUDED,NOT_CONFIRMED,NO_ADMISSIBLE_SOURCE_FOUND_IN_CURRENT_PROBE,"The 2021 release reports aggregate final-consumption growth, not household expenditure levels by purpose.",2026-06-29T20:12:18Z,2de1b5fd3d1980e44ce81aa3ddff64a6e9a780042dceaa99af5ebf3a22ae1ca4
VNM,*,survey_or_cpi_class_c_only,National Statistics Office of Viet Nam,VNM_NSO_VHLSS_2022,https://www.nso.gov.vn/en/default/2024/04/results-of-the-viet-nam-household-living-standards-survey-2022/,REAL_HTTP_OR_EQUIVALENT_ACQUISITION,ACQUIRED_REJECTED,200,text/html; charset=UTF-8,HTML_TEXT,94165,2022,HOUSEHOLD_SURVEY,NOT_SNA_P31,VHLSS_HOUSEHOLD_SURVEY,true,VND,survey household expenditure,OUTSIDE_SURVEY_SCOPE,OUTSIDE_SURVEY_SCOPE,NOT_CONFIRMED,NO_ADMISSIBLE_SOURCE_FOUND_IN_CURRENT_PROBE,VHLSS 2022 is a household survey with the wrong period and cannot replace national-accounts S14/P31.,2026-06-29T20:12:20Z,bb4eb2cabf7bf56b575714d68556419fe7ba61655fb7f76d8a7a83086fd5b87a
VNM,*,survey_or_cpi_class_c_only,National Statistics Office of Viet Nam,VNM_NSO_VHLSS_2020,https://www.nso.gov.vn/en/data-and-statistics/2022/06/results-of-the-viet-nam-household-living-standards-survey-2020/,REAL_HTTP_OR_EQUIVALENT_ACQUISITION,ACQUIRED_REJECTED,200,text/html; charset=UTF-8,HTML_TEXT,89113,2020,HOUSEHOLD_SURVEY,NOT_SNA_P31,VHLSS_HOUSEHOLD_SURVEY,true,VND,survey household expenditure,OUTSIDE_SURVEY_SCOPE,OUTSIDE_SURVEY_SCOPE,NOT_CONFIRMED,NO_ADMISSIBLE_SOURCE_FOUND_IN_CURRENT_PROBE,VHLSS 2020 is a household survey and does not match the 2021 national-accounts benchmark.,2026-06-29T20:12:22Z,dc61df357fb3762871e76a46b54059740dbfe84e2738a9935ba3348b459e4f92
VNM,*,official_structured_publications,National Statistics Office of Viet Nam,VNM_NSO_HOMEPAGE,https://www.nso.gov.vn/en/homepage/,REAL_HTTP_OR_EQUIVALENT_ACQUISITION,ACQUIRED_REJECTED,200,text/html; charset=UTF-8,HTML_TEXT,107562,2021,NOT_CONFIRMED_AS_STRICT_S14,NOT_CONFIRMED_AS_P31DC,DISCOVERY_PORTAL,UNKNOWN,UNKNOWN,UNKNOWN,NOT_CONFIRMED_EXCLUDED,NOT_CONFIRMED_EXCLUDED,NOT_CONFIRMED,NO_ADMISSIBLE_SOURCE_FOUND_IN_CURRENT_PROBE,"The homepage is a discovery route, not a dataset.",2026-06-29T20:12:25Z,f0f33395e1e4d75e053a819e327a108ec37ccb70aef582b4bf61599b9d01bfc2
BLR,*,official_structured_publications,National Statistical Committee of the Republic of Belarus,BLR_BELSTAT_YEARBOOK_2022,https://belstat.gov.by/upload/iblock/57e/a76lpm9rtfb8x0l0o2t3wfts61arbk2q.pdf,REAL_HTTP_OR_EQUIVALENT_ACQUISITION,ACQUIRED_REJECTED,200,application/pdf,PDF,2056693,2021,NOT_CONFIRMED_AS_STRICT_S14,NOT_CONFIRMED_AS_P31DC,MULTI_SOURCE_YEARBOOK,UNKNOWN,BYN,multiple,NOT_CONFIRMED_EXCLUDED,NOT_CONFIRMED_EXCLUDED,NOT_CONFIRMED,NO_ADMISSIBLE_SOURCE_FOUND_IN_CURRENT_PROBE,The yearbook covers 2021 but does not provide an admissible strict-HFCE CP02 cell with narcotics excluded.,2026-06-29T20:12:27Z,273191b0dcb369d03d515b27707dd9e96f68b5393e0facc9736118d01534d445
BLR,*,survey_or_cpi_class_c_only,National Statistical Committee of the Republic of Belarus,BLR_BELSTAT_LIVING_STANDARDS,https://www.belstat.gov.by/upload/iblock/747/h2d3js5a6ro9svs5xv2zi0fb8ov7o41i.pdf,REAL_HTTP_OR_EQUIVALENT_ACQUISITION,ACQUIRED_REJECTED,200,application/pdf,PDF,1867798,2021,HOUSEHOLD_SURVEY,NOT_SNA_P31,HOUSEHOLD_SAMPLE_SURVEY_PUBLICATION,UNKNOWN,BYN,UNKNOWN,NOT_CONFIRMED_EXCLUDED,NOT_CONFIRMED_EXCLUDED,NOT_CONFIRMED,NO_ADMISSIBLE_SOURCE_FOUND_IN_CURRENT_PROBE,Household living-standards expenditure is survey evidence and cannot replace national-accounts S14/P31 purpose weights.,2026-06-29T20:12:28Z,2f4fd93246ce85aaadc2ea4264baea5b3dfdb805c92d7b88d311d10c332b0641
KWT,*,survey_or_cpi_class_c_only,Kuwait Central Statistical Bureau,KWT_CSB_HIES_2019_2021,https://www.csb.gov.kw/Pages/Statistics_en?ID=16&ParentCatID=+1,REAL_HTTP_OR_EQUIVALENT_ACQUISITION,ACQUIRED_REJECTED,200,text/html; charset=utf-8,HTML_TEXT,102873,2021,HOUSEHOLD_SURVEY,NOT_SNA_P31,HOUSEHOLD_SURVEY,UNKNOWN,KWD,UNKNOWN,NOT_CONFIRMED_EXCLUDED,NOT_CONFIRMED_EXCLUDED,NOT_CONFIRMED,NO_ADMISSIBLE_SOURCE_FOUND_IN_CURRENT_PROBE,The detailed 2021 source is a household survey and cannot supply exact national-accounts CP02 weights.,2026-06-29T20:12:29Z,89ecf67dfa26499d54a02d78e16b5d3e759b5f3e52ca2d5d1361727617645e99
KWT,*,official_input_output_tables,Kuwait Central Statistical Bureau,KWT_CSB_INPUT_OUTPUT_INVENTORY,https://www.csb.gov.kw/Pages/Statistics_en?ID=26&ParentCatID=+3,REAL_HTTP_OR_EQUIVALENT_ACQUISITION,ACQUIRED_REJECTED,200,text/html; charset=utf-8,HTML_TEXT,97600,2000-2010,NOT_CONFIRMED_AS_STRICT_S14,NOT_CONFIRMED_AS_P31DC,HISTORICAL_PRODUCT_IO_TABLES,UNKNOWN,KWD,UNKNOWN,NOT_CONFIRMED_EXCLUDED,NOT_CONFIRMED_EXCLUDED,NOT_CONFIRMED,NO_ADMISSIBLE_SOURCE_FOUND_IN_CURRENT_PROBE,"The listed input-output sources are historical and product-based, not a 2021 purpose-classified CP02 table.",2026-06-29T20:12:30Z,279653e92a62a7450cc3eef126693590e75e40ebfc97b5ef70f83d24f69e8e7f
SAU,*,official_supply_and_use_tables,General Authority for Statistics,SAU_GASTAT_SUT_IO_2018_2023,https://www.stats.gov.sa/en/w/supply-and-use-input-output-tables-2019,REAL_HTTP_OR_EQUIVALENT_ACQUISITION,ACQUIRED_REJECTED,200,text/html;charset=UTF-8,HTML_TEXT,184400,2021,NOT_CONFIRMED_AS_STRICT_S14,NOT_CONFIRMED_AS_P31DC,PRODUCT_DIVISION_SUT_IO,true,SAR,UNKNOWN,NOT_CONFIRMED_EXCLUDED,NOT_CONFIRMED_EXCLUDED,NOT_CONFIRMED,NO_ADMISSIBLE_SOURCE_FOUND_IN_CURRENT_PROBE,Product-division SUT/IO data do not by themselves provide a strict purpose-classified CP02 cell.,2026-06-29T20:12:31Z,2e46cfac1a249b4711974a5230979306cbc02d5ce47d76c445b1bdd3bd05c0c9
SAU,*,survey_or_cpi_class_c_only,General Authority for Statistics,SAU_GASTAT_HOUSEHOLD_EXPENDITURE_SURVEY,https://www.stats.gov.sa/en/w/hes-2,REAL_HTTP_OR_EQUIVALENT_ACQUISITION,ACQUIRED_REJECTED,200,text/html;charset=UTF-8,HTML_TEXT,237533,2021,HOUSEHOLD_SURVEY,NOT_SNA_P31,COICOP_HOUSEHOLD_SURVEY,UNKNOWN,SAR,UNKNOWN,NOT_CONFIRMED_EXCLUDED,NOT_CONFIRMED_EXCLUDED,NOT_CONFIRMED,NO_ADMISSIBLE_SOURCE_FOUND_IN_CURRENT_PROBE,"The source is a household survey used for CPI weights, not an exact national-accounts S14/P31 matrix.",2026-06-29T20:12:32Z,30f44b9179d34ef88ee60435d618ed922a7c36fcdf71f6ceec7e0cce091b265b
SAU,*,official_classifications_methodology,General Authority for Statistics,SAU_GASTAT_ANNUAL_NA_METHOD,https://www.stats.gov.sa/en/w/methodology-and-quality-report-for-annual-national-accounts,REAL_HTTP_OR_EQUIVALENT_ACQUISITION,ACQUIRED_REJECTED,200,text/html;charset=UTF-8,HTML_TEXT,233671,2021,NOT_CONFIRMED_AS_STRICT_S14,NOT_CONFIRMED_AS_P31DC,SNA_2008_METHOD_DOCUMENT,UNKNOWN,SAR,UNKNOWN,NOT_CONFIRMED_EXCLUDED,NOT_CONFIRMED_EXCLUDED,NOT_CONFIRMED,NO_ADMISSIBLE_SOURCE_FOUND_IN_CURRENT_PROBE,The methodology documents the accounts but is not a 2021 purpose-value dataset.,2026-06-29T20:12:33Z,9be1aaaa3431beb44b83978d7a70bfd9f3cda3ab311d74e445268806652f8d59
BON,*,survey_or_cpi_class_c_only,Statistics Netherlands,BON_CBS_CPI_WEIGHTS,https://www.cbs.nl/en-gb/figures/detail/84046ENG,REAL_HTTP_OR_EQUIVALENT_ACQUISITION,ACQUIRED_REJECTED,200,text/html; charset=utf-8,HTML_TEXT,182326,2021,CPI_HOUSEHOLD_BASKET,CPI_WEIGHTS,CPI_12_PRODUCT_GROUPS,UNKNOWN,USD,UNKNOWN,NOT_CONFIRMED_EXCLUDED,NOT_CONFIRMED_EXCLUDED,NOT_CONFIRMED,NO_ADMISSIBLE_SOURCE_FOUND_IN_CURRENT_PROBE,"The twelve-group weights are CPI expenditure weights, not national-accounts S14/P31 values.",2026-06-29T20:12:34Z,6de81ab23338432516b3f6e993956a1ad941f9981999486a3e5385d37b7e74e3
BON,*,official_statistical_database,Statistics Netherlands,BON_CBS_GDP,https://www.cbs.nl/en-gb/figures/detail/84789ENG,REAL_HTTP_OR_EQUIVALENT_ACQUISITION,ACQUIRED_REJECTED,200,text/html; charset=utf-8,HTML_TEXT,77421,2021,NOT_CONFIRMED_AS_STRICT_S14,NOT_CONFIRMED_AS_P31DC,GDP_AGGREGATE,true,USD,UNKNOWN,NOT_CONFIRMED_EXCLUDED,NOT_CONFIRMED_EXCLUDED,NOT_CONFIRMED,NO_ADMISSIBLE_SOURCE_FOUND_IN_CURRENT_PROBE,The GDP table contains macroeconomic aggregates and no twelve-purpose household consumption matrix.,2026-06-29T20:12:34Z,54592d1e9f45371b6b77a19cbd366fd82c7ef881b8d9d73d68e5d42794968c54
LBR,*,official_structured_publications,Liberia Institute of Statistics and Geo-Information Services,LBR_LISGIS_GDP_2016_2022,https://lisgis.gov.lr/admin_area/nationalaccount/gdp20162022.pdf,REAL_HTTP_OR_EQUIVALENT_ACQUISITION,ACQUIRED_REJECTED,200,application/pdf,PDF,741589,2021,HOUSEHOLDS_GOVERNMENT_NPISH_AGGREGATES,FINAL_CONSUMPTION_AGGREGATES,EXPENDITURE_GDP_AGGREGATES,true,LRD_OR_USD_REQUIRES_TABLE_LEVEL_CONFIRMATION,REPORT_SPECIFIC,NOT_CONFIRMED_EXCLUDED,NOT_CONFIRMED_EXCLUDED,NOT_CONFIRMED,NO_ADMISSIBLE_SOURCE_FOUND_IN_CURRENT_PROBE,"The report discusses household, government and NPISH final consumption at aggregate level, not strict S14 values by twelve purposes.",2026-06-29T20:12:35Z,ac736ec3e800f25453021f633f82eb49279f554fe74ddc466d2d506f2c2ada2e
LBR,*,survey_or_cpi_class_c_only,Liberia Institute of Statistics and Geo-Information Services,LBR_LISGIS_HIES_PORTAL,https://lisgis.gov.lr/,REAL_HTTP_OR_EQUIVALENT_ACQUISITION,ACQUIRED_REJECTED,200,text/html; charset=UTF-8,HTML_TEXT,160758,2021,HOUSEHOLD_SURVEY,NOT_SNA_P31,HIES_SURVEY_PUBLICATION_FAMILY,UNKNOWN,LRD,UNKNOWN,NOT_CONFIRMED_EXCLUDED,NOT_CONFIRMED_EXCLUDED,NOT_CONFIRMED,NO_ADMISSIBLE_SOURCE_FOUND_IN_CURRENT_PROBE,HIES is survey evidence and cannot resolve the national-accounts unit/concept mismatch as exact weights.,2026-06-29T20:12:35Z,88298b26d9cec03e292a478eb3a7db0985a7f946085cc133dda9eac95fb61945
